,Faculty of MASSCOM and FSSR,Fakulti Sains Komputer & Matematik 1,Fakulti Sains Komputer & Matematik 2,Kolej Melati,Kolej Mawar ,Block B Faculty Of Applied Sciences,Kolej Seroja,Block C Faculty Of Applied Sciences,Kolej Delima 1,Kolej Delima 3,Kolej Delima 2 (Pusat Kokurikulum),Faculty of Art and Design,Perpustakaan Tun Abdul Razak 1,Taska UiTM Shah Alam,Dewan Platinum Kolej Melati,Dewan Mawar Qaseh,Unit Bengkel Kenderaan UiTM Shah Alam,"Jabatan Pengurusan Perolehan & Aset, Pejabat Bendahari UiTM Shah Alam",Akademi Pengajian Bahasa,Pintu Seksyen 2,Dataran Cendekiawan,Kolej Anggerik,Makmal Fakulti Kejuruteraan Kimia,Kompleks Kolam Renang UiTM Shah Alam,Fakulti Undang-Undang,Masjid Al-Wathiqu Billah Tuanku Mizan Zainal Abidin,Parking Canseleri,Canseleri Tuanku Syed Sirajuddin,Kompleks Kejuruteraan Elektrikal,Fakulti Kejuruteraan Kimia,Hotel UiTM Shah Alam,Kompleks Sukan UiTM Shah Alam,Kolej Perindu,Pusat Kokurikulum,Ibu Pejabat Polis Bantuan UiTM,Kolej Teratai 2,kolej Teratai,Kolej Teratai 3,Kolej Delima 2 (PB),UiTM Facilities Center,Faculty of Civil Engineering,Dewan Sri Budiman,Dewan Annexe,Menara Sultan Abdul Aziz Shah,Bahagian Pembangunan Organisasi,Jabatan Sain Ukur dan Geomatik,DKB,Block A Faculty of Applied Science,Block A Faculty Of Applied Sciences,DK Beta,DK Alfa,DK Delta,DK Gamma & DK Bestari,Block F Faculty Of Applied Sciences,irmi,Malaysian Institut Transport,MITRAN,National Design Centre,Budisiswa,Bangunan HEP,Faculty of Business,"Instititut Leadership, Quality",Ayub Arshad Graduate Business School,Gym Sport Recreation,Dewan Agung Tuanku Canselor,MTDC,Surau FSPU,AB1,AB3,AB2,Kafeteria Kolej Anggerik,Mamakteria Cafe,Pusat Kesihatan UiTM Shah Alam,Non Resident Office,Security Office,Register Office,Pos Polis Bantuan,Stor Sukan,Institut Pengajian Siswazah
Faculty of MASSCOM and FSSR,0,0.330356704,0.333947881,0.888755876,1.098254924,1.235475403,1.270069689,1.266804616,0.723201369,0.924230011,0.932976631,2.082712822,1.52268652,0.465267426,0.639885011,0.965439168,0.953824729,0.966283905,1.396957766,0.804466478,0.752376975,1.687411103,1.180485718,0.565042263,1.491665346,0.8182184,1.023011084,0.92179415,0.413037037,0.473826454,1.549449623,0.99516558,1.097862307,0.924230011,0.741746655,0.722658943,0.494765033,0.741746655,0.457827232,0.553980141,0.707516127,1.669637629,1.724985102,1.777786703,1.67721523,1.234449026,1.777786703,1.31539348,1.392569561,1.31539348,1.31539348,1.229063095,1.249475728,1.055173895,1.175690396,1.234449026,1.234449026,2.082712822,1.540307302,1.619663761,1.356590112,1.299028688,1.483326293,1.372255273,1.410163874,1.586176548,1.767339897,1.693569112,1.693569112,1.693569112,1.563723117,1.231148473,1.194405761,0.675135413,1.375113779,1.495319533,1.385753395,1.175690396,1.570133547
Fakulti Sains Komputer & Matematik 1,0.330356704,0,0.32631354,0.613831027,0.804148777,1.080011969,1.114606255,1.111341181,0.395137008,0.59616565,0.604912269,1.927249387,1.367223085,0.137203064,0.31182065,0.637374806,0.808704429,0.821163605,1.087845595,0.743858896,0.424312613,1.359346742,0.852421357,0.236977901,1.336201911,0.662754965,0.962403502,0.861186568,0.417102653,0.495827263,1.395503803,0.667101218,0.942398872,0.59616565,0.413682293,0.394594581,0.166700671,0.413682293,0.129762871,0.398516706,0.704556391,1.514174194,1.569521667,1.622323268,1.521751795,1.078985591,1.622323268,1.159930045,1.237106126,1.159930045,1.159930045,1.073599661,1.094012293,0.899710461,1.020226962,1.078985591,1.078985591,1.927249387,1.384843867,1.464200327,1.201126677,1.143565253,1.327862859,1.216791838,1.25470044,1.258112186,1.448789069,1.36550475,1.36550475,1.36550475,1.235658755,1.067880356,0.949085426,0.347071051,1.047049417,1.339856098,1.094957077,1.020226962,1.414670112
Fakulti Sains Komputer & Matematik 2,0.333947881,0.32631354,0,0.771235699,0.980734746,1.308123785,1.342718071,1.339452997,0.719158205,0.920186847,0.928933466,2.155361203,1.595334901,0.461224261,0.635841847,0.949976562,0.836304551,0.848763727,1.279437588,0.87711486,0.665097527,1.570441722,1.165023113,0.560999098,1.564313728,0.890866781,1.095659466,0.994442532,0.277581666,0.356306276,1.622098004,0.991122416,1.170510689,0.920186847,0.73770349,0.707196337,0.490721868,0.73770349,0.453784068,0.626628523,0.589995949,1.742286011,1.797633484,1.850435084,1.749863612,1.307097408,1.850435084,1.388041862,1.465217942,1.388041862,1.388041862,1.301711477,1.322124109,1.127822277,1.248338778,1.307097408,1.307097408,2.155361203,1.612955683,1.692312143,1.429238494,1.37167707,1.555974675,1.444903654,1.482812256,1.582133383,1.649819719,1.57659973,1.57659973,1.57659973,1.446753735,1.113628295,1.076885584,0.671092248,1.371070614,1.567967915,1.268233217,1.248338778,1.642781929
Kolej Melati,0.888755876,0.613831027,0.771235699,0,0.686542388,1.370472312,1.481579256,1.401801524,0.857483028,0.611663577,0.620410196,2.294222389,1.53015242,0.599549084,0.302010377,0.526216749,0.550982721,0.563441897,0.976687538,1.206204915,0.241337714,1.248188685,0.7412633,0.699323921,1.499131246,1.125100985,1.424749522,1.323532588,0.662865231,0.685671267,1.762476805,0.682599145,0.982372206,0.611663577,0.403872021,0.283436524,0.629046691,0.403872021,0.484068156,0.860862726,0.43820125,1.771457039,1.826804512,1.98929627,1.888724797,1.369445934,1.98929627,1.450390388,1.527566469,1.450390388,1.450390388,1.364060004,1.384472636,1.190170804,1.310687305,1.369445934,1.369445934,2.294222389,1.547773202,1.627129662,1.364056013,1.306494588,1.490792194,1.256765171,1.294673773,1.273610113,1.337631012,1.254346693,1.254346693,1.254346693,1.124500698,0.828306465,0.782693226,0.337260779,1.062547344,1.7068291,0.980144416,1.310687305,1.480821325
Kolej Mawar ,1.098254924,0.804148777,0.980734746,0.686542388,0,1.518751887,1.629858832,1.550081099,1.046918935,0.759943152,0.768689771,2.442501964,1.678431995,0.789866834,0.492328127,0.353674255,0.197057203,0.420578174,0.538601736,1.396522665,0.451653006,0.82960587,0.331261427,0.888759829,1.647410822,1.315418734,1.615067272,1.513850337,0.872364279,0.895170315,1.91075638,0.830878721,1.130651781,0.759943152,0.57971946,0.409554195,0.818482599,0.57971946,0.674385906,1.051180476,0.58911548,1.919736614,1.975084087,2.137575845,2.037004372,1.517725509,2.137575845,1.598669964,1.675846044,1.598669964,1.598669964,1.512339579,1.532752211,1.338450379,1.45896688,1.517725509,1.517725509,2.442501964,1.696052777,1.775409237,1.512335588,1.454774164,1.639071769,1.405044747,1.442953348,1.129544924,0.908983867,0.835763878,0.835763878,0.835763878,0.705917883,0.38411035,0.329946174,0.513108218,1.122461919,1.855108675,0.527397365,1.45896688,1.6291009
Block B Faculty Of Applied Sciences,1.235475403,1.080011969,1.308123785,1.370472312,1.518751887,0,0.605341139,0.031329212,1.323663969,1.054811669,0.750062116,1.342536144,0.425872468,1.022077907,1.068461934,1.351977917,1.530179027,1.542638204,1.779976316,1.10151607,1.166374756,1.672972041,1.567024467,1.165504863,0.394851295,0.417257004,1.460360571,1.359143636,1.398912899,1.465344967,0.878970889,1.171014976,0.416385278,1.054811669,1.099822775,1.124275946,1.095227633,1.099822775,1.058289832,0.705076532,1.461197676,0.667177087,0.72252456,1.080169883,0.97959841,0.456657457,1.080169883,0.079918077,0.245317312,0.079918077,0.079918077,0.033634395,0.014000324,0.277382327,0.397898828,0.456657457,0.456657457,1.342536144,0.44349325,0.52284971,0.259776061,0.202214637,0.386512242,0.690778243,0.728686845,1.339697476,1.57778246,1.679130049,1.679130049,1.679130049,1.549284054,1.782483466,1.663688536,1.033211533,1.106936966,0.824771927,1.809560188,0.397898828,0.473319496
Kolej Seroja,1.270069689,1.114606255,1.342718071,1.481579256,1.629858832,0.605341139,0,0.636670351,1.358258255,1.165918614,0.86116906,0.967113865,0.654210153,1.056672193,1.179568879,1.463084861,1.641285972,1.653745148,1.91355565,0.648246083,1.277481701,1.898966723,1.678131412,1.200099149,0.861531081,0.45185129,1.108159055,1.006942121,1.433507184,1.499939253,0.425700903,1.28212192,0.64237996,1.165918614,1.210929719,1.23538289,1.129821919,1.210929719,1.092884118,0.739670818,1.57230462,0.554038672,0.609386145,0.662187746,0.561616273,0.370983145,0.662187746,0.685259215,0.762435296,0.685259215,0.685259215,0.598928831,0.619341463,0.394275653,0.207442311,0.370983145,0.370983145,0.967113865,0.671830935,0.913821426,0.726455848,0.668894423,0.853192029,0.916772926,0.954681527,1.565692159,1.803777143,1.905124732,1.905124732,1.905124732,1.775278737,1.893590411,1.77479548,1.144318477,1.332931649,0.379720576,1.920667132,0.207442311,0.939999283
Block C Faculty Of Applied Sciences,1.266804616,1.111341181,1.339452997,1.401801524,1.550081099,0.031329212,0.636670351,0,1.354993182,1.086140882,0.781391328,1.373865357,0.45720168,1.053407119,1.099791147,1.383307129,1.56150824,1.573967416,1.811305528,1.132845282,1.197703968,1.704301253,1.598353679,1.196834075,0.426180507,0.448586216,1.491689783,1.390472848,1.430242111,1.496674179,0.910300101,1.202344188,0.44771449,1.086140882,1.131151987,1.155605158,1.126556845,1.131151987,1.089619044,0.736405744,1.492526888,0.698506299,0.753853772,1.111499095,1.010927622,0.487986669,1.111499095,0.048588864,0.276646524,0.048588864,0.048588864,0.064963608,0.045329536,0.308711539,0.42922804,0.487986669,0.487986669,1.373865357,0.474822462,0.554178922,0.291105273,0.233543849,0.417841454,0.722107455,0.760016057,1.371026688,1.609111672,1.710459261,1.710459261,1.710459261,1.580613266,1.813812678,1.695017748,1.064540745,1.138266178,0.856101139,1.8408894,0.42922804,0.504648708
Kolej Delima 1,0.723201369,0.395137008,0.719158205,0.857483028,1.046918935,1.323663969,1.358258255,1.354993182,0,0.787921994,0.796668614,2.170901388,1.610875086,0.380855065,0.55547265,0.880144965,1.052356429,1.064815606,1.330615754,0.987510896,0.667964614,1.6021169,1.095191515,0.160127161,1.579853912,0.906406966,1.206055503,1.104838569,0.809947318,0.888671928,1.639155803,0.858857563,1.158630623,0.787921994,0.627989823,0.638246582,0.228436337,0.627989823,0.373414871,0.642168707,0.948208392,1.757826195,1.813173668,1.865975269,1.765403796,1.322637592,1.865975269,1.403582046,1.480758127,1.403582046,1.403582046,1.317251661,1.337664294,1.143362461,1.263878962,1.322637592,1.322637592,2.170901388,1.628495868,1.707852327,1.444778678,1.387217254,1.571514859,1.433023589,1.470932191,1.44986853,1.646351339,1.608274909,1.608274909,1.608274909,1.478428914,1.310650514,1.191855584,0.561378581,1.238805762,1.583508099,1.337727236,1.263878962,1.657079742
Kolej Delima 3,0.924230011,0.59616565,0.920186847,0.611663577,0.759943152,1.054811669,1.165918614,1.086140882,0.787921994,0,0.304749554,1.978561746,1.214491778,0.581883707,0.309653199,0.593169182,0.771370292,0.783829469,1.04363997,1.188539538,0.407566021,1.249621859,0.808215732,0.629762888,1.183470604,0.863580997,1.407084145,1.30586721,0.927052922,0.949858958,1.446816162,0.412206241,0.666711563,0,0.34101404,0.365467211,0.559485658,0.34101404,0.491710978,0.843197349,0.702388941,1.455796397,1.51114387,1.673635627,1.573064155,1.053785292,1.673635627,1.134729746,1.211905827,1.134729746,1.134729746,1.048399361,1.068811993,0.874510161,0.995026662,1.053785292,1.053785292,1.978561746,1.23211256,1.311469019,1.04839537,0.990833946,1.175131551,0.941104529,0.979013131,0.957949471,1.154432279,1.255779868,1.255779868,1.255779868,1.125933873,1.023674731,0.904879801,0.274402798,0.746886702,1.391168457,1.050751453,0.995026662,1.165160682
Kolej Delima 2 (Pusat Kokurikulum),0.932976631,0.604912269,0.928933466,0.620410196,0.768689771,0.750062116,0.86116906,0.781391328,0.796668614,0.304749554,0,1.673812193,0.909742224,0.590630326,0.318399819,0.601915801,0.780116912,0.792576088,1.05238659,1.197286157,0.41631264,1.163717742,0.816962351,0.638509507,0.87872105,0.558831443,1.415830764,1.31461383,0.935799541,0.958605578,1.142066608,0.42095286,0.36196201,0.304749554,0.349760659,0.37421383,0.568232277,0.349760659,0.500457598,0.838969832,0.71113556,1.151046843,1.206394316,1.368886074,1.268314601,0.749035738,1.368886074,0.829980192,0.907156273,0.829980192,0.829980192,0.743649808,0.76406244,0.569760608,0.690277109,0.749035738,0.749035738,1.673812193,0.927363006,1.006719466,0.743645817,0.686084392,0.870381998,0.636354975,0.674263577,0.872045353,1.068528162,1.16987575,1.16987575,1.16987575,1.040029755,1.032421351,0.91362642,0.283149417,0.660982584,1.086418904,1.059498072,0.690277109,0.860411129
Faculty of Art and Design,2.082712822,1.927249387,2.155361203,2.294222389,2.442501964,1.342536144,0.967113865,1.373865357,2.170901388,1.978561746,1.673812193,0,0.916663676,1.869315325,1.992212011,2.275727994,2.453929104,2.466388281,2.726198782,1.401163031,2.090124833,2.711609856,2.490774544,2.012742281,1.217835317,1.264494422,1.861076004,1.759859069,2.246150317,2.312582385,1.141931516,2.094765053,1.455023093,1.978561746,2.023572852,2.048026023,1.942465051,2.023572852,1.90552725,1.55231395,2.384947753,0.816492195,0.871839668,0.967201126,0.866629654,1.177807222,0.967201126,1.422454221,1.499630302,1.422454221,1.422454221,1.336123836,1.356536468,1.20109973,1.014266388,1.177807222,1.177807222,0,0.934284458,1.176274949,1.082760084,1.140321508,1.324619113,1.729416058,1.76732466,2.378335291,2.616420275,2.717767864,2.717767864,2.717767864,2.587921869,2.706233543,2.587438613,1.95696161,2.145574781,1.053532944,2.733310265,1.014266388,1.521378109
Perpustakaan Tun Abdul Razak 1,1.52268652,1.367223085,1.595334901,1.53015242,1.678431995,0.425872468,0.654210153,0.45720168,1.610875086,1.214491778,0.909742224,0.916663676,0,1.309289023,1.228142043,1.511658025,1.689859136,1.702318312,1.911371253,1.08825932,1.326054864,1.804366977,1.726704575,1.452715979,0.301171641,0.70446812,1.548172292,1.446955358,1.686124015,1.752556083,0.829027804,1.330695084,0.547780214,1.214491778,1.259502883,1.283956054,1.382438749,1.259502883,1.345500948,0.992287648,1.620877784,0.241304619,0.296652092,0.654297415,0.553725942,0.743868573,0.654297415,0.505790545,0.582966626,0.505790545,0.505790545,0.41946016,0.439872792,0.564593443,0.685109944,0.743868573,0.743868573,0.916663676,0.017620782,0.259611273,0.166096407,0.223657832,0.407955437,0.82217318,0.860081781,1.471092413,1.709177397,1.810524986,1.810524986,1.810524986,1.680678991,1.942163575,1.823368644,1.192891641,1.238331903,0.740629232,1.969240296,0.685109944,0.604714432
Taska UiTM Shah Alam,0.465267426,0.137203064,0.461224261,0.599549084,0.789866834,1.022077907,1.056672193,1.053407119,0.380855065,0.581883707,0.590630326,1.869315325,1.309289023,0,0.297538707,0.623092863,0.794422486,0.806881662,1.073563652,0.685924834,0.41003067,1.345064799,0.838139414,0.222695958,1.278267849,0.604820903,0.90446944,0.803252506,0.552013375,0.630737984,1.337569741,0.652819275,0.88446481,0.581883707,0.39940035,0.380312638,0.152418728,0.39940035,0.115480928,0.340582645,0.690274448,1.456240132,1.511587605,1.564389206,1.463817733,1.021051529,1.564389206,1.101995983,1.179172064,1.101995983,1.101995983,1.015665599,1.036078231,0.841776399,0.9622929,1.021051529,1.021051529,1.869315325,1.326909805,1.406266265,1.143192616,1.085631191,1.269928797,1.158857776,1.196766378,1.243830243,1.434507126,1.351222807,1.351222807,1.351222807,1.221376812,1.053598413,0.934803483,0.332789108,1.032767474,1.281922036,1.080675134,0.9622929,1.356736051
Dewan Platinum Kolej Melati,0.639885011,0.31182065,0.635841847,0.302010377,0.492328127,1.068461934,1.179568879,1.099791147,0.55547265,0.309653199,0.318399819,1.992212011,1.228142043,0.297538707,0,0.325554157,0.496883779,0.509342955,0.776024946,0.904194538,0.112491964,1.047526092,0.540600707,0.397313544,1.197120869,0.823090607,1.122739145,1.02152221,0.617399723,0.640205759,1.460466427,0.380588768,0.680361828,0.309653199,0.101861644,0.082773932,0.327036314,0.101861644,0.182057779,0.558852349,0.392735741,1.469446662,1.524794135,1.687285892,1.58671442,1.067435557,1.687285892,1.148380011,1.225556092,1.148380011,1.148380011,1.062049626,1.082462258,0.888160426,1.008676927,1.067435557,1.067435557,1.992212011,1.245762825,1.325119284,1.062045635,1.004484211,1.188781816,0.954754794,0.992663396,0.971599736,1.13696842,1.053684101,1.053684101,1.053684101,0.923838106,0.756059706,0.637264776,0.035250402,0.760536967,1.404818722,0.783136428,1.008676927,1.178810947
Dewan Mawar Qaseh,0.965439168,0.637374806,0.949976562,0.526216749,0.353674255,1.351977917,1.463084861,1.383307129,0.880144965,0.593169182,0.601915801,2.275727994,1.511658025,0.623092863,0.325554157,0,0.453737432,0.613664838,0.637371074,1.229748695,0.284879035,0.90887222,0.401946836,0.721985858,1.480636851,1.148644764,1.448293301,1.347076367,0.841606095,0.864412131,1.743982409,0.66410475,0.963877811,0.593169182,0.412945489,0.242780225,0.651708628,0.412945489,0.507611936,0.884406506,0.565477548,1.752962644,1.808310117,1.970801875,1.870230402,1.350951539,1.970801875,1.431895993,1.509072074,1.431895993,1.431895993,1.345565609,1.365978241,1.171676409,1.29219291,1.350951539,1.350951539,2.275727994,1.529278807,1.608635267,1.345561617,1.288000193,1.472297799,1.238270776,1.276179378,1.218875605,0.998314548,0.915030229,0.915030229,0.915030229,0.785184234,0.617405835,0.498610904,0.346334247,1.044052949,1.688334705,0.644482556,1.29219291,1.46232693
Unit Bengkel Kenderaan UiTM Shah Alam,0.953824729,0.808704429,0.836304551,0.550982721,0.197057203,1.530179027,1.641285972,1.56150824,1.052356429,0.771370292,0.780116912,2.453929104,1.689859136,0.794422486,0.496883779,0.453737432,0,0.27143401,0.491046076,1.401078317,0.384428925,0.78205021,0.389872109,0.894197323,1.658837962,1.319974386,1.619622924,1.518405989,0.727934083,0.75074012,1.92218352,0.842305861,1.142078922,0.771370292,0.5911466,0.414109847,0.823920093,0.5911466,0.678941558,1.055736128,0.444685284,1.931163755,1.986511228,2.149002985,2.048431513,1.52915265,2.149002985,1.610097104,1.687273185,1.610097104,1.610097104,1.523766719,1.544179352,1.349877519,1.47039402,1.52915265,1.52915265,2.453929104,1.707479918,1.786836377,1.523762728,1.466201304,1.650498909,1.416471887,1.454380489,1.081989265,0.861428208,0.788208219,0.788208219,0.788208219,0.658362224,0.277323744,0.29320804,0.524535358,1.07490626,1.866535816,0.479841706,1.47039402,1.64052804
"Jabatan Pengurusan Perolehan & Aset, Pejabat Bendahari UiTM Shah Alam",0.966283905,0.821163605,0.848763727,0.563441897,0.420578174,1.542638204,1.653745148,1.573967416,1.064815606,0.783829469,0.792576088,2.466388281,1.702318312,0.806881662,0.509342955,0.613664838,0.27143401,0,0.714567047,1.413537493,0.396888102,1.005571181,0.61339308,0.906656499,1.671297138,1.332433563,1.6320821,1.530865166,0.74039326,0.763199296,1.934642697,0.854765037,1.154538098,0.783829469,0.603605777,0.426569024,0.836379269,0.603605777,0.691400734,1.068195304,0.457144461,1.943622931,1.998970404,2.161462162,2.060890689,1.541611826,2.161462162,1.62255628,1.699732361,1.62255628,1.62255628,1.536225896,1.556638528,1.362336696,1.482853197,1.541611826,1.541611826,2.466388281,1.719939094,1.799295554,1.536221905,1.47866048,1.662958086,1.428931063,1.466839665,1.305510236,1.084949179,1.01172919,1.01172919,1.01172919,0.881883195,0.548757754,0.516729011,0.536994534,1.234713236,1.878994992,0.703362676,1.482853197,1.652987217
Akademi Pengajian Bahasa,1.396957766,1.087845595,1.279437588,0.976687538,0.538601736,1.779976316,1.91355565,1.811305528,1.330615754,1.04363997,1.05238659,2.726198782,1.911371253,1.073563652,0.776024946,0.637371074,0.491046076,0.714567047,0,1.680219484,0.735349824,0.425077997,0.235424238,1.172456647,1.880350079,1.599115553,1.89876409,1.797547156,1.17106712,1.193873157,2.194453198,1.114575539,1.363591039,1.04363997,0.863416278,0.693251014,1.102179417,0.863416278,0.958082725,1.334877294,0.887818322,2.152675872,2.208023345,2.421272663,2.320701191,1.801422328,2.421272663,1.859894393,1.937070474,1.859894393,1.859894393,1.773564008,1.79397664,1.622147197,1.742663698,1.801422328,1.801422328,2.726198782,1.928992035,2.008348495,1.745274846,1.687713421,1.872011027,1.089198073,1.35490448,0.725017052,0.504455995,0.431236006,0.431236006,0.431236006,0.301390011,0.251843046,0.262161083,0.796805036,0.717934047,2.138805494,0.101025563,1.742663698,1.318962558
Pintu Seksyen 2,0.804466478,0.743858896,0.87711486,1.206204915,1.396522665,1.10151607,0.648246083,1.132845282,0.987510896,1.188539538,1.197286157,1.401163031,1.08825932,0.685924834,0.904194538,1.229748695,1.401078317,1.413537493,1.680219484,0,1.016686502,1.95172063,1.444795245,0.82935179,1.357706012,0.82455896,0.480338786,0.379121852,0.967903973,1.034336041,0.765408958,1.259475107,1.104202868,1.188539538,1.006056182,0.98696847,0.75907456,1.006056182,0.722136759,0.560320702,1.268025715,0.988087838,1.043435312,1.096236912,0.995665439,0.867158076,1.096236912,1.181434146,1.258610227,1.181434146,1.181434146,1.095103761,1.115516394,0.890450584,0.703617242,0.867158076,0.867158076,1.401163031,1.105880102,1.347870593,1.222630778,1.165069354,1.349366959,1.378595833,1.416504435,1.850486074,2.041162958,1.957878639,1.957878639,1.957878639,1.828032644,1.660254244,1.541459314,0.93944494,1.639423306,0.843670114,1.687330966,0.703617242,1.436174213
Dataran Cendekiawan,0.752376975,0.424312613,0.665097527,0.241337714,0.451653006,1.166374756,1.277481701,1.197703968,0.667964614,0.407566021,0.41631264,2.090124833,1.326054864,0.41003067,0.112491964,0.284879035,0.384428925,0.396888102,0.735349824,1.016686502,0,1.006850971,0.499925586,0.509805508,1.295033691,0.935582571,1.235231108,1.134014174,0.556727059,0.579533096,1.558379249,0.47850159,0.77827465,0.407566021,0.214353607,0.04209881,0.439528277,0.214353607,0.294549743,0.671344313,0.332063078,1.567359483,1.622706957,1.785198714,1.684627241,1.165348379,1.785198714,1.246292833,1.323468914,1.246292833,1.246292833,1.159962448,1.18037508,0.986073248,1.106589749,1.165348379,1.165348379,2.090124833,1.343675647,1.423032106,1.159958457,1.102397033,1.286694638,1.052667616,1.090576217,1.069512557,1.096293298,1.013008979,1.013008979,1.013008979,0.883162984,0.661752669,0.596589655,0.147742365,0.858449789,1.502731544,0.742461306,1.106589749,1.276723769
Kolej Anggerik,1.687411103,1.359346742,1.570441722,1.248188685,0.82960587,1.672972041,1.898966723,1.704301253,1.6021169,1.249621859,1.163717742,2.711609856,1.804366977,1.345064799,1.047526092,0.90887222,0.78205021,1.005571181,0.425077997,1.95172063,1.006850971,0,0.506925385,1.443957794,1.773345804,1.596629106,2.170265237,2.069048302,1.462071254,1.484877291,2.179864271,1.365825165,1.256586763,1.249621859,1.134917425,0.964752161,1.373680564,1.134917425,1.229583871,1.606378441,1.178822456,2.045671596,2.101019069,2.406683737,2.306112264,1.786833401,2.406683737,1.752890117,1.830066198,1.752890117,1.752890117,1.666559733,1.686972365,1.607558271,1.728074772,1.786833401,1.786833401,2.711609856,1.821987759,1.901344219,1.63827057,1.580709146,1.765006751,0.982193798,1.247900204,0.618012776,0.427258534,0.143288625,0.143288625,0.143288625,0.123687987,0.599295197,0.553165217,1.068306183,0.610929771,2.124216567,0.52610356,1.728074772,1.211958283
Makmal Fakulti Kejuruteraan Kimia,1.180485718,0.852421357,1.165023113,0.7412633,0.331261427,1.567024467,1.678131412,1.598353679,1.095191515,0.808215732,0.816962351,2.490774544,1.726704575,0.838139414,0.540600707,0.401946836,0.389872109,0.61339308,0.235424238,1.444795245,0.499925586,0.506925385,0,0.937032409,1.695683402,1.363691315,1.663339852,1.562122918,1.056652645,1.079458682,1.95902896,0.879151301,1.178924361,0.808215732,0.62799204,0.457826776,0.866755179,0.62799204,0.722658486,1.099453056,0.780524099,1.968009194,2.023356668,2.185848425,2.085276952,1.56599809,2.185848425,1.646942544,1.724118625,1.646942544,1.646942544,1.560612159,1.581024791,1.386722959,1.50723946,1.56599809,1.56599809,2.490774544,1.744325357,1.823681817,1.560608168,1.503046744,1.687344349,1.181109791,1.446816198,0.816928769,0.596367712,0.513083393,0.513083393,0.513083393,0.383237398,0.215458999,0.096664069,0.561380798,0.809845764,1.903381255,0.24253572,1.50723946,1.410874276
Kompleks Kolam Renang UiTM Shah Alam,0.565042263,0.236977901,0.560999098,0.699323921,0.888759829,1.165504863,1.200099149,1.196834075,0.160127161,0.629762888,0.638509507,2.012742281,1.452715979,0.222695958,0.397313544,0.721985858,0.894197323,0.906656499,1.172456647,0.82935179,0.509805508,1.443957794,0.937032409,0,1.421694805,0.748247859,1.047896396,0.946679462,0.651788212,0.730512821,1.480996697,0.700698456,1.000471517,0.629762888,0.469830716,0.480087476,0.07027723,0.469830716,0.215255765,0.484009601,0.790049285,1.599667088,1.655014562,1.707816162,1.607244689,1.164478485,1.707816162,1.245422939,1.32259902,1.245422939,1.245422939,1.159092555,1.179505187,0.985203355,1.105719856,1.164478485,1.164478485,2.012742281,1.470336761,1.549693221,1.286619572,1.229058147,1.413355753,1.274864482,1.312773084,1.291709424,1.488192232,1.450115802,1.450115802,1.450115802,1.320269807,1.152491408,1.033696477,0.403219474,1.080646655,1.425348992,1.179568129,1.105719856,1.498920636
Fakulti Undang-Undang,1.491665346,1.336201911,1.564313728,1.499131246,1.647410822,0.394851295,0.861531081,0.426180507,1.579853912,1.183470604,0.87872105,1.217835317,0.301171641,1.278267849,1.197120869,1.480636851,1.658837962,1.671297138,1.880350079,1.357706012,1.295033691,1.773345804,1.695683402,1.421694805,0,0.673446946,1.716550513,1.615333579,1.655102841,1.721534909,1.130199446,1.29967391,0.516759041,1.183470604,1.228481709,1.25293488,1.351417575,1.228481709,1.314479775,0.961266474,1.58985661,0.54247626,0.597823733,0.955469056,0.854897583,0.7128474,0.955469056,0.474769371,0.551945452,0.474769371,0.474769371,0.388438987,0.408851619,0.533572269,0.65408877,0.7128474,0.7128474,1.217835317,0.318792423,0.398148883,0.135075234,0.192636658,0.376934264,0.791152006,0.829060608,1.440071239,1.678156223,1.779503812,1.779503812,1.779503812,1.649657817,1.911142401,1.79234747,1.161870467,1.207310729,1.041800873,1.938219122,0.65408877,0.573693259
Masjid Al-Wathiqu Billah Tuanku Mizan Zainal Abidin,0.8182184,0.662754965,0.890866781,1.125100985,1.315418734,0.417257004,0.45185129,0.448586216,0.906406966,0.863580997,0.558831443,1.264494422,0.70446812,0.604820903,0.823090607,1.148644764,1.319974386,1.332433563,1.599115553,0.82455896,0.935582571,1.596629106,1.363691315,0.748247859,0.673446946,0,1.043103567,0.941886632,0.981655895,1.048087963,0.732748838,0.979784303,0.340042343,0.863580997,0.908592102,0.905864539,0.677970629,0.908592102,0.641032828,0.287819528,1.215826349,0.851419229,0.906766703,0.959568303,0.85899683,0.416230626,0.959568303,0.49717508,0.574351161,0.49717508,0.49717508,0.410844696,0.431257328,0.236955496,0.357471997,0.416230626,0.416230626,1.264494422,0.722088902,0.801445362,0.538371713,0.480810288,0.665107894,0.614435308,0.65234391,1.263354542,1.501439526,1.602787115,1.602787115,1.602787115,1.472941119,1.579150314,1.460355383,0.84198086,1.030594031,0.677101133,1.606227035,0.357471997,0.751915148
Parking Canseleri,1.023011084,0.962403502,1.095659466,1.424749522,1.615067272,1.460360571,1.108159055,1.491689783,1.206055503,1.407084145,1.415830764,1.861076004,1.548172292,0.90446944,1.122739145,1.448293301,1.619622924,1.6320821,1.89876409,0.480338786,1.235231108,2.170265237,1.663339852,1.047896396,1.716550513,1.043103567,0,0.13478931,1.186448579,1.252880648,1.225321931,1.478019713,1.322747474,1.407084145,1.224600788,1.205513076,0.977619166,1.224600788,0.940681366,0.778865309,1.486570322,1.448000811,1.503348284,1.556149885,1.455578412,1.327071048,1.556149885,1.540278647,1.617454728,1.540278647,1.540278647,1.453948263,1.474360895,1.280059063,1.163530214,1.327071048,1.327071048,1.861076004,1.565793074,1.807783565,1.58147528,1.523913855,1.708211461,1.59714044,1.635049042,2.069030681,2.259707564,2.176423245,2.176423245,2.176423245,2.04657725,1.878798851,1.760003921,1.157989546,1.857967912,1.303583086,1.905875572,1.163530214,1.795018715
Canseleri Tuanku Syed Sirajuddin,0.92179415,0.861186568,0.994442532,1.323532588,1.513850337,1.359143636,1.006942121,1.390472848,1.104838569,1.30586721,1.31461383,1.759859069,1.446955358,0.803252506,1.02152221,1.347076367,1.518405989,1.530865166,1.797547156,0.379121852,1.134014174,2.069048302,1.562122918,0.946679462,1.615333579,0.941886632,0.13478931,0,1.085231645,1.151663713,1.124104996,1.376802779,1.22153054,1.30586721,1.123383854,1.104296142,0.876402232,1.123383854,0.839464431,0.677648374,1.385353387,1.346783876,1.40213135,1.45493295,1.354361477,1.225854113,1.45493295,1.439061713,1.516237794,1.439061713,1.439061713,1.352731328,1.37314396,1.178842128,1.06231328,1.225854113,1.225854113,1.759859069,1.46457614,1.706566631,1.480258345,1.422696921,1.606994526,1.495923506,1.533832107,1.967813747,2.15849063,2.075206311,2.075206311,2.075206311,1.945360316,1.777581917,1.658786986,1.056772612,1.756750978,1.202366152,1.804658638,1.06231328,1.69380178
Kompleks Kejuruteraan Elektrikal,0.413037037,0.417102653,0.277581666,0.662865231,0.872364279,1.398912899,1.433507184,1.430242111,0.809947318,0.927052922,0.935799541,2.246150317,1.686124015,0.552013375,0.617399723,0.841606095,0.727934083,0.74039326,1.17106712,0.967903973,0.556727059,1.462071254,1.056652645,0.651788212,1.655102841,0.981655895,1.186448579,1.085231645,0,0.247935808,1.712887118,0.997988491,1.261299802,0.927052922,0.719261366,0.59882587,0.581510982,0.719261366,0.544573181,0.717417636,0.481625482,1.833075124,1.888422597,1.941224198,1.840652725,1.397886521,1.941224198,1.478830975,1.556007056,1.478830975,1.478830975,1.392500591,1.412913223,1.218611391,1.339127891,1.397886521,1.397886521,2.246150317,1.703744797,1.783101256,1.520027607,1.462466183,1.646763789,1.535692768,1.573601369,1.588999458,1.541449252,1.468229263,1.468229263,1.468229263,1.338383268,1.005257827,0.968515116,0.652650124,1.377936689,1.658757028,1.15986275,1.339127891,1.733571042
Fakulti Kejuruteraan Kimia,0.473826454,0.495827263,0.356306276,0.685671267,0.895170315,1.465344967,1.499939253,1.496674179,0.888671928,0.949858958,0.958605578,2.312582385,1.752556083,0.630737984,0.640205759,0.864412131,0.75074012,0.763199296,1.193873157,1.034336041,0.579533096,1.484877291,1.079458682,0.730512821,1.721534909,1.048087963,1.252880648,1.151663713,0.247935808,0,1.779319186,1.020794527,1.320567587,0.949858958,0.742067403,0.621631906,0.660235591,0.742067403,0.62329779,0.783849705,0.502146971,1.899507192,1.954854666,2.007656266,1.907084793,1.464318589,2.007656266,1.545263043,1.622439124,1.545263043,1.545263043,1.458932659,1.479345291,1.285043459,1.40555996,1.464318589,1.464318589,2.312582385,1.770176865,1.849533325,1.586459676,1.528898251,1.713195857,1.594960553,1.632869155,1.611805495,1.564255288,1.491035299,1.491035299,1.491035299,1.361189304,1.028063864,0.991321152,0.675456161,1.400742726,1.725189096,1.182668786,1.40555996,1.800003111
Hotel UiTM Shah Alam,1.549449623,1.395503803,1.622098004,1.762476805,1.91075638,0.878970889,0.425700903,0.910300101,1.639155803,1.446816162,1.142066608,1.141931516,0.829027804,1.337569741,1.460466427,1.743982409,1.92218352,1.934642697,2.194453198,0.765408958,1.558379249,2.179864271,1.95902896,1.480996697,1.130199446,0.732748838,1.225321931,1.124104996,1.712887118,1.779319186,0,1.563019468,0.923277508,1.446816162,1.491827268,1.516280439,1.410719467,1.491827268,1.373781666,1.020568366,1.853202168,0.728856323,0.784203796,0.837005397,0.736433924,0.644612895,0.837005397,0.958888966,1.036065046,0.958888966,0.958888966,0.872558581,0.892971213,0.667905403,0.481072062,0.644612895,0.644612895,1.141931516,0.846648586,1.088639077,0.995124212,0.942524174,1.126821779,1.197670474,1.235579076,1.846589707,2.084674691,2.18602228,2.18602228,2.18602228,2.056176285,2.174487959,2.055693029,1.425216026,1.613829197,0.584438598,2.20156468,0.481072062,1.213629033
Kompleks Sukan UiTM Shah Alam,0.99516558,0.667101218,0.991122416,0.682599145,0.830878721,1.171014976,1.28212192,1.202344188,0.858857563,0.412206241,0.42095286,2.094765053,1.330695084,0.652819275,0.380588768,0.66410475,0.842305861,0.854765037,1.114575539,1.259475107,0.47850159,1.365825165,0.879151301,0.700698456,1.29967391,0.979784303,1.478019713,1.376802779,0.997988491,1.020794527,1.563019468,0,0.78291487,0.412206241,0.411949608,0.43640278,0.630421226,0.411949608,0.562646547,0.914132918,0.773324509,1.571999703,1.627347176,1.789838934,1.689267461,1.169988598,1.789838934,1.250933052,1.328109133,1.250933052,1.250933052,1.164602668,1.1850153,0.990713468,1.111229969,1.169988598,1.169988598,2.094765053,1.348315866,1.427672326,1.164598676,1.107037252,1.291334858,1.057307835,1.095216437,1.074152777,1.270635585,1.371983174,1.371983174,1.371983174,1.242137179,1.0946103,0.975815369,0.345338366,0.863090008,1.507371764,1.121687021,1.111229969,1.281363989
Kolej Perindu,1.097862307,0.942398872,1.170510689,0.982372206,1.130651781,0.416385278,0.64237996,0.44771449,1.158630623,0.666711563,0.36196201,1.455023093,0.547780214,0.88446481,0.680361828,0.963877811,1.142078922,1.154538098,1.363591039,1.104202868,0.77827465,1.256586763,1.178924361,1.000471517,0.516759041,0.340042343,1.322747474,1.22153054,1.261299802,1.320567587,0.923277508,0.78291487,0,0.666711563,0.711722669,0.73617584,0.930194287,0.711722669,0.862419608,0.620180732,1.07309757,0.789084833,0.844432306,1.150096974,1.049525501,0.530246638,1.150096974,0.496303354,0.573479435,0.496303354,0.496303354,0.40997297,0.430385602,0.350971508,0.471488008,0.530246638,0.530246638,1.455023093,0.565400996,0.644757456,0.381683807,0.324122382,0.508419988,0.274392966,0.312301567,0.923312199,1.161397183,1.262744772,1.262744772,1.262744772,1.132898777,1.39438336,1.27558843,0.645111427,0.690551688,0.867629804,1.421460082,0.471488008,0.498449119
Pusat Kokurikulum,0.924230011,0.59616565,0.920186847,0.611663577,0.759943152,1.054811669,1.165918614,1.086140882,0.787921994,0,0.304749554,1.978561746,1.214491778,0.581883707,0.309653199,0.593169182,0.771370292,0.783829469,1.04363997,1.188539538,0.407566021,1.249621859,0.808215732,0.629762888,1.183470604,0.863580997,1.407084145,1.30586721,0.927052922,0.949858958,1.446816162,0.412206241,0.666711563,0,0.34101404,0.365467211,0.559485658,0.34101404,0.491710978,0.843197349,0.702388941,1.455796397,1.51114387,1.673635627,1.573064155,1.053785292,1.673635627,1.134729746,1.211905827,1.134729746,1.134729746,1.048399361,1.068811993,0.874510161,0.995026662,1.053785292,1.053785292,1.978561746,1.23211256,1.311469019,1.04839537,0.990833946,1.175131551,0.941104529,0.979013131,0.957949471,1.154432279,1.255779868,1.255779868,1.255779868,1.125933873,1.023674731,0.904879801,0.274402798,0.746886702,1.391168457,1.050751453,0.995026662,1.165160682
Ibu Pejabat Polis Bantuan UiTM,0.741746655,0.413682293,0.73770349,0.403872021,0.57971946,1.099822775,1.210929719,1.131151987,0.627989823,0.34101404,0.349760659,2.023572852,1.259502883,0.39940035,0.101861644,0.412945489,0.5911466,0.603605777,0.863416278,1.006056182,0.214353607,1.134917425,0.62799204,0.469830716,1.228481709,0.908592102,1.224600788,1.123383854,0.719261366,0.742067403,1.491827268,0.411949608,0.711722669,0.34101404,0,0.184635575,0.399553486,0,0.283919423,0.660713993,0.494597385,1.500807502,1.556154975,1.718646733,1.61807526,1.098796397,1.718646733,1.179740851,1.256916932,1.179740851,1.179740851,1.093410467,1.113823099,0.919521267,1.040037768,1.098796397,1.098796397,2.023572852,1.277123665,1.356480125,1.093406476,1.035845051,1.220142657,0.986115634,1.024024236,1.002960576,1.199443384,1.141075433,1.141075433,1.141075433,1.011229438,0.843451039,0.724656109,0.066611242,0.791897807,1.436179563,0.87052776,1.040037768,1.210171788
Kolej Teratai 2,0.722658943,0.394594581,0.707196337,0.283436524,0.409554195,1.124275946,1.23538289,1.155605158,0.638246582,0.365467211,0.37421383,2.048026023,1.283956054,0.380312638,0.082773932,0.242780225,0.414109847,0.426569024,0.693251014,0.98696847,0.04209881,0.964752161,0.457826776,0.480087476,1.25293488,0.905864539,1.205513076,1.104296142,0.59882587,0.621631906,1.516280439,0.43640278,0.73617584,0.365467211,0.184635575,0,0.409810245,0.184635575,0.264831711,0.641626281,0.374161888,1.525260673,1.580608146,1.743099904,1.642528431,1.123249568,1.743099904,1.204194022,1.281370103,1.204194022,1.204194022,1.117863638,1.13827627,0.943974438,1.064490939,1.123249568,1.123249568,2.048026023,1.301576836,1.380933296,1.117859647,1.060298222,1.244595828,1.010568805,1.048477407,1.027413747,1.054194488,0.970910169,0.970910169,0.970910169,0.841064174,0.673285775,0.554490844,0.118024333,0.816350978,1.460632734,0.700362496,1.064490939,1.234624959
kolej Teratai,0.494765033,0.166700671,0.490721868,0.629046691,0.818482599,1.095227633,1.129821919,1.126556845,0.228436337,0.559485658,0.568232277,1.942465051,1.382438749,0.152418728,0.327036314,0.651708628,0.823920093,0.836379269,1.102179417,0.75907456,0.439528277,1.373680564,0.866755179,0.07027723,1.351417575,0.677970629,0.977619166,0.876402232,0.581510982,0.660235591,1.410719467,0.630421226,0.930194287,0.559485658,0.399553486,0.409810245,0,0.399553486,0.144978535,0.413732371,0.719772055,1.529389858,1.584737332,1.637538932,1.536967459,1.094201255,1.637538932,1.175145709,1.25232179,1.175145709,1.175145709,1.088815325,1.109227957,0.914926125,1.035442626,1.094201255,1.094201255,1.942465051,1.400059531,1.479415991,1.216342342,1.158780917,1.343078523,1.204587252,1.242495854,1.221432194,1.417915002,1.379838572,1.379838572,1.379838572,1.249992577,1.082214178,0.963419247,0.332942244,1.010369425,1.355071762,1.109290899,1.035442626,1.428643406
Kolej Teratai 3,0.741746655,0.413682293,0.73770349,0.403872021,0.57971946,1.099822775,1.210929719,1.131151987,0.627989823,0.34101404,0.349760659,2.023572852,1.259502883,0.39940035,0.101861644,0.412945489,0.5911466,0.603605777,0.863416278,1.006056182,0.214353607,1.134917425,0.62799204,0.469830716,1.228481709,0.908592102,1.224600788,1.123383854,0.719261366,0.742067403,1.491827268,0.411949608,0.711722669,0.34101404,0,0.184635575,0.399553486,0,0.283919423,0.660713993,0.494597385,1.500807502,1.556154975,1.718646733,1.61807526,1.098796397,1.718646733,1.179740851,1.256916932,1.179740851,1.179740851,1.093410467,1.113823099,0.919521267,1.040037768,1.098796397,1.098796397,2.023572852,1.277123665,1.356480125,1.093406476,1.035845051,1.220142657,0.986115634,1.024024236,1.002960576,1.199443384,1.141075433,1.141075433,1.141075433,1.011229438,0.843451039,0.724656109,0.066611242,0.791897807,1.436179563,0.87052776,1.040037768,1.210171788
Kolej Delima 2 (PB),0.457827232,0.129762871,0.453784068,0.484068156,0.674385906,1.058289832,1.092884118,1.089619044,0.373414871,0.491710978,0.500457598,1.90552725,1.345500948,0.115480928,0.182057779,0.507611936,0.678941558,0.691400734,0.958082725,0.722136759,0.294549743,1.229583871,0.722658486,0.215255765,1.314479775,0.641032828,0.940681366,0.839464431,0.544573181,0.62329779,1.373781666,0.562646547,0.862419608,0.491710978,0.283919423,0.264831711,0.144978535,0.283919423,0,0.37679457,0.57479352,1.492452058,1.547799531,1.600601131,1.500029659,1.057263454,1.600601131,1.138207909,1.215383989,1.138207909,1.138207909,1.051877524,1.072290156,0.877988324,0.998504825,1.057263454,1.057263454,1.90552725,1.36312173,1.44247819,1.179404541,1.121843117,1.306140722,1.136812573,1.174721175,1.153657515,1.319026199,1.23574188,1.23574188,1.23574188,1.105895885,0.938117485,0.819322555,0.217308181,0.942594746,1.318133961,0.965194207,0.998504825,1.360868726
UiTM Facilities Center,0.553980141,0.398516706,0.626628523,0.860862726,1.051180476,0.705076532,0.739670818,0.736405744,0.642168707,0.843197349,0.838969832,1.55231395,0.992287648,0.340582645,0.558852349,0.884406506,1.055736128,1.068195304,1.334877294,0.560320702,0.671344313,1.606378441,1.099453056,0.484009601,0.961266474,0.287819528,0.778865309,0.677648374,0.717417636,0.783849705,1.020568366,0.914132918,0.620180732,0.843197349,0.660713993,0.641626281,0.413732371,0.660713993,0.37679457,0,0.95158809,1.139238757,1.19458623,1.247387831,1.146816358,0.704050154,1.247387831,0.784994608,0.862170689,0.784994608,0.784994608,0.698664224,0.719076856,0.524775024,0.645291525,0.704050154,0.704050154,1.55231395,1.00990843,1.08926489,0.826191241,0.768629816,0.952927422,0.894573698,0.9324823,1.505143885,1.695820769,1.61253645,1.61253645,1.61253645,1.482690454,1.314912055,1.196117125,0.59410275,1.294081116,0.964920661,1.341988777,0.645291525,1.039734676
Faculty of Civil Engineering,0.707516127,0.704556391,0.589995949,0.43820125,0.58911548,1.461197676,1.57230462,1.492526888,0.948208392,0.702388941,0.71113556,2.384947753,1.620877784,0.690274448,0.392735741,0.565477548,0.444685284,0.457144461,0.887818322,1.268025715,0.332063078,1.178822456,0.780524099,0.790049285,1.58985661,1.215826349,1.486570322,1.385353387,0.481625482,0.502146971,1.853202168,0.773324509,1.07309757,0.702388941,0.494597385,0.374161888,0.719772055,0.494597385,0.57479352,0.95158809,0,1.862182403,1.917529876,2.080021634,1.979450161,1.460171298,2.080021634,1.541115752,1.618291833,1.541115752,1.541115752,1.454785368,1.475198,1.280896168,1.401412669,1.460171298,1.460171298,2.384947753,1.638498566,1.717855026,1.454781376,1.397219952,1.581517558,1.347490535,1.385399137,1.364335477,1.258200453,1.184980464,1.184980464,1.184980464,1.055134469,0.722009028,0.685266317,0.427986143,1.153272708,1.797554464,0.876613951,1.401412669,1.571546689
Dewan Sri Budiman,1.669637629,1.514174194,1.742286011,1.771457039,1.919736614,0.667177087,0.554038672,0.698506299,1.757826195,1.455796397,1.151046843,0.816492195,0.241304619,1.456240132,1.469446662,1.752962644,1.931163755,1.943622931,2.152675872,0.988087838,1.567359483,2.045671596,1.968009194,1.599667088,0.54247626,0.851419229,1.448000811,1.346783876,1.833075124,1.899507192,0.728856323,1.571999703,0.789084833,1.455796397,1.500807502,1.525260673,1.529389858,1.500807502,1.492452058,1.139238757,1.862182403,0,0.057364766,0.554125934,0.453554461,0.764732029,0.554125934,0.747095164,0.824271244,0.747095164,0.747095164,0.660764779,0.681177411,0.788024537,0.601191196,0.764732029,0.764732029,0.816492195,0.258925401,0.500915892,0.407401026,0.464962451,0.649260056,1.063477799,1.1013864,1.712397032,1.950482016,2.051829605,2.051829605,2.051829605,1.92198361,2.183468194,2.064673263,1.43419626,1.479636522,0.640457751,2.210544915,0.601191196,0.846019051
Dewan Annexe,1.724985102,1.569521667,1.797633484,1.826804512,1.975084087,0.72252456,0.609386145,0.753853772,1.813173668,1.51114387,1.206394316,0.871839668,0.296652092,1.511587605,1.524794135,1.808310117,1.986511228,1.998970404,2.208023345,1.043435312,1.622706957,2.101019069,2.023356668,1.655014562,0.597823733,0.906766703,1.503348284,1.40213135,1.888422597,1.954854666,0.784203796,1.627347176,0.844432306,1.51114387,1.556154975,1.580608146,1.584737332,1.556154975,1.547799531,1.19458623,1.917529876,0.057364766,0,0.609473407,0.508901934,0.820079502,0.609473407,0.802442637,0.879618718,0.802442637,0.802442637,0.716112252,0.736524884,0.84337201,0.656538669,0.820079502,0.820079502,0.871839668,0.314272874,0.556263365,0.4627485,0.520309924,0.704607529,1.118825272,1.156733873,1.767744505,2.005829489,2.107177078,2.107177078,2.107177078,1.977331083,2.238815667,2.120020736,1.489543733,1.534983995,0.695805224,2.265892388,0.656538669,0.901366525
Menara Sultan Abdul Aziz Shah,1.777786703,1.622323268,1.850435084,1.98929627,2.137575845,1.080169883,0.662187746,1.111499095,1.865975269,1.673635627,1.368886074,0.967201126,0.654297415,1.564389206,1.687285892,1.970801875,2.149002985,2.161462162,2.421272663,1.096236912,1.785198714,2.406683737,2.185848425,1.707816162,0.955469056,0.959568303,1.556149885,1.45493295,1.941224198,2.007656266,0.837005397,1.789838934,1.150096974,1.673635627,1.718646733,1.743099904,1.637538932,1.718646733,1.600601131,1.247387831,2.080021634,0.554125934,0.609473407,0,0.248576887,0.872881103,0,1.160087959,1.23726404,1.160087959,1.160087959,1.073757575,1.094170207,0.896173611,0.709340269,0.872881103,0.872881103,0.967201126,0.671918197,0.913908688,0.820393822,0.877955246,1.062252852,1.424489939,1.462398541,2.073409172,2.311494156,2.412841745,2.412841745,2.412841745,2.28299575,2.401307424,2.282512494,1.652035491,1.840648662,0.748606824,2.428384145,0.709340269,1.259011847
Bahagian Pembangunan Organisasi,1.67721523,1.521751795,1.749863612,1.888724797,2.037004372,0.97959841,0.561616273,1.010927622,1.765403796,1.573064155,1.268314601,0.866629654,0.553725942,1.463817733,1.58671442,1.870230402,2.048431513,2.060890689,2.320701191,0.995665439,1.684627241,2.306112264,2.085276952,1.607244689,0.854897583,0.85899683,1.455578412,1.354361477,1.840652725,1.907084793,0.736433924,1.689267461,1.049525501,1.573064155,1.61807526,1.642528431,1.536967459,1.61807526,1.500029659,1.146816358,1.979450161,0.453554461,0.508901934,0.248576887,0,0.77230963,0.248576887,1.059516487,1.136692567,1.059516487,1.059516487,0.973186102,0.993598734,0.795602138,0.608768796,0.77230963,0.77230963,0.866629654,0.571346724,0.813337215,0.719822349,0.777383774,0.961681379,1.323918466,1.361827068,1.972837699,2.210922684,2.312270272,2.312270272,2.312270272,2.182424277,2.300735951,2.181941021,1.551464018,1.740077189,0.648035352,2.327812673,0.608768796,1.158440374
Jabatan Sain Ukur dan Geomatik,1.234449026,1.078985591,1.307097408,1.369445934,1.517725509,0.456657457,0.370983145,0.487986669,1.322637592,1.053785292,0.749035738,1.177807222,0.743868573,1.021051529,1.067435557,1.350951539,1.52915265,1.541611826,1.801422328,0.867158076,1.165348379,1.786833401,1.56599809,1.164478485,0.7128474,0.416230626,1.327071048,1.225854113,1.397886521,1.464318589,0.644612895,1.169988598,0.530246638,1.053785292,1.098796397,1.123249568,1.094201255,1.098796397,1.057263454,0.704050154,1.460171298,0.764732029,0.820079502,0.872881103,0.77230963,0,0.872881103,0.536575534,0.613751614,0.536575534,0.536575534,0.450245149,0.470657781,0.245591971,0.163540834,0,0,1.177807222,0.761489355,0.840845815,0.577772166,0.520210742,0.704508347,0.804639604,0.842548205,1.453558837,1.691643821,1.79299141,1.79299141,1.79299141,1.663145415,1.781457089,1.662662158,1.032185155,1.220798326,0.590413933,1.80853381,0.163540834,0.791315601
DKB,1.777786703,1.622323268,1.850435084,1.98929627,2.137575845,1.080169883,0.662187746,1.111499095,1.865975269,1.673635627,1.368886074,0.967201126,0.654297415,1.564389206,1.687285892,1.970801875,2.149002985,2.161462162,2.421272663,1.096236912,1.785198714,2.406683737,2.185848425,1.707816162,0.955469056,0.959568303,1.556149885,1.45493295,1.941224198,2.007656266,0.837005397,1.789838934,1.150096974,1.673635627,1.718646733,1.743099904,1.637538932,1.718646733,1.600601131,1.247387831,2.080021634,0.554125934,0.609473407,0,0.248576887,0.872881103,0,1.160087959,1.23726404,1.160087959,1.160087959,1.073757575,1.094170207,0.896173611,0.709340269,0.872881103,0.872881103,0.967201126,0.671918197,0.913908688,0.820393822,0.877955246,1.062252852,1.424489939,1.462398541,2.073409172,2.311494156,2.412841745,2.412841745,2.412841745,2.28299575,2.401307424,2.282512494,1.652035491,1.840648662,0.748606824,2.428384145,0.709340269,1.259011847
Block A Faculty of Applied Science,1.31539348,1.159930045,1.388041862,1.450390388,1.598669964,0.079918077,0.685259215,0.048588864,1.403582046,1.134729746,0.829980192,1.422454221,0.505790545,1.101995983,1.148380011,1.431895993,1.610097104,1.62255628,1.859894393,1.181434146,1.246292833,1.752890117,1.646942544,1.245422939,0.474769371,0.49717508,1.540278647,1.439061713,1.478830975,1.545263043,0.958888966,1.250933052,0.496303354,1.134729746,1.179740851,1.204194022,1.175145709,1.179740851,1.138207909,0.784994608,1.541115752,0.747095164,0.802442637,1.160087959,1.059516487,0.536575534,1.160087959,0,0.325235389,0,0,0.113552472,0.093918401,0.357300403,0.477816904,0.536575534,0.536575534,1.422454221,0.523411327,0.602767786,0.339694137,0.282132713,0.466430319,0.77069632,0.808604921,1.419615553,1.657700537,1.759048126,1.759048126,1.759048126,1.629202131,1.862401543,1.743606612,1.113129609,1.186855043,0.904690003,1.889478264,0.477816904,0.553237572
Block A Faculty Of Applied Sciences,1.392569561,1.237106126,1.465217942,1.527566469,1.675846044,0.245317312,0.762435296,0.276646524,1.480758127,1.211905827,0.907156273,1.499630302,0.582966626,1.179172064,1.225556092,1.509072074,1.687273185,1.699732361,1.937070474,1.258610227,1.323468914,1.830066198,1.724118625,1.32259902,0.551945452,0.574351161,1.617454728,1.516237794,1.556007056,1.622439124,1.036065046,1.328109133,0.573479435,1.211905827,1.256916932,1.281370103,1.25232179,1.256916932,1.215383989,0.862170689,1.618291833,0.824271244,0.879618718,1.23726404,1.136692567,0.613751614,1.23726404,0.325235389,0,0.325235389,0.325235389,0.238905004,0.259317636,0.434476484,0.554992985,0.613751614,0.613751614,1.499630302,0.600587408,0.679943867,0.416870218,0.359308794,0.543606399,0.8478724,0.885781002,1.496791633,1.734876618,1.836224206,1.836224206,1.836224206,1.706378211,1.939577624,1.820782693,1.19030569,1.264031123,0.981866084,1.966654345,0.554992985,0.630413653
DK Beta,1.31539348,1.159930045,1.388041862,1.450390388,1.598669964,0.079918077,0.685259215,0.048588864,1.403582046,1.134729746,0.829980192,1.422454221,0.505790545,1.101995983,1.148380011,1.431895993,1.610097104,1.62255628,1.859894393,1.181434146,1.246292833,1.752890117,1.646942544,1.245422939,0.474769371,0.49717508,1.540278647,1.439061713,1.478830975,1.545263043,0.958888966,1.250933052,0.496303354,1.134729746,1.179740851,1.204194022,1.175145709,1.179740851,1.138207909,0.784994608,1.541115752,0.747095164,0.802442637,1.160087959,1.059516487,0.536575534,1.160087959,0,0.325235389,0,0,0.113552472,0.093918401,0.357300403,0.477816904,0.536575534,0.536575534,1.422454221,0.523411327,0.602767786,0.339694137,0.282132713,0.466430319,0.77069632,0.808604921,1.419615553,1.657700537,1.759048126,1.759048126,1.759048126,1.629202131,1.862401543,1.743606612,1.113129609,1.186855043,0.904690003,1.889478264,0.477816904,0.553237572
DK Alfa,1.31539348,1.159930045,1.388041862,1.450390388,1.598669964,0.079918077,0.685259215,0.048588864,1.403582046,1.134729746,0.829980192,1.422454221,0.505790545,1.101995983,1.148380011,1.431895993,1.610097104,1.62255628,1.859894393,1.181434146,1.246292833,1.752890117,1.646942544,1.245422939,0.474769371,0.49717508,1.540278647,1.439061713,1.478830975,1.545263043,0.958888966,1.250933052,0.496303354,1.134729746,1.179740851,1.204194022,1.175145709,1.179740851,1.138207909,0.784994608,1.541115752,0.747095164,0.802442637,1.160087959,1.059516487,0.536575534,1.160087959,0,0.325235389,0,0,0.113552472,0.093918401,0.357300403,0.477816904,0.536575534,0.536575534,1.422454221,0.523411327,0.602767786,0.339694137,0.282132713,0.466430319,0.77069632,0.808604921,1.419615553,1.657700537,1.759048126,1.759048126,1.759048126,1.629202131,1.862401543,1.743606612,1.113129609,1.186855043,0.904690003,1.889478264,0.477816904,0.553237572
DK Delta,1.229063095,1.073599661,1.301711477,1.364060004,1.512339579,0.033634395,0.598928831,0.064963608,1.317251661,1.048399361,0.743649808,1.336123836,0.41946016,1.015665599,1.062049626,1.345565609,1.523766719,1.536225896,1.773564008,1.095103761,1.159962448,1.666559733,1.560612159,1.159092555,0.388438987,0.410844696,1.453948263,1.352731328,1.392500591,1.458932659,0.872558581,1.164602668,0.40997297,1.048399361,1.093410467,1.117863638,1.088815325,1.093410467,1.051877524,0.698664224,1.454785368,0.660764779,0.716112252,1.073757575,0.973186102,0.450245149,1.073757575,0.113552472,0.238905004,0.113552472,0.113552472,0,0.047634719,0.270970019,0.39148652,0.450245149,0.450245149,1.336123836,0.437080942,0.516437402,0.253363753,0.195802328,0.380099934,0.684365935,0.722274537,1.333285168,1.571370152,1.672717741,1.672717741,1.672717741,1.542871746,1.776071158,1.657276228,1.026799225,1.100524658,0.818359619,1.80314788,0.39148652,0.466907188
DK Gamma & DK Bestari,1.249475728,1.094012293,1.322124109,1.384472636,1.532752211,0.014000324,0.619341463,0.045329536,1.337664294,1.068811993,0.76406244,1.356536468,0.439872792,1.036078231,1.082462258,1.365978241,1.544179352,1.556638528,1.79397664,1.115516394,1.18037508,1.686972365,1.581024791,1.179505187,0.408851619,0.431257328,1.474360895,1.37314396,1.412913223,1.479345291,0.892971213,1.1850153,0.430385602,1.068811993,1.113823099,1.13827627,1.109227957,1.113823099,1.072290156,0.719076856,1.475198,0.681177411,0.736524884,1.094170207,0.993598734,0.470657781,1.094170207,0.093918401,0.259317636,0.093918401,0.093918401,0.047634719,0,0.291382651,0.411899152,0.470657781,0.470657781,1.356536468,0.457493574,0.536850034,0.273776385,0.216214961,0.400512566,0.704778567,0.742687169,1.3536978,1.591782784,1.693130373,1.693130373,1.693130373,1.563284378,1.79648379,1.67768886,1.047211857,1.12093729,0.838772251,1.823560512,0.411899152,0.48731982
Block F Faculty Of Applied Sciences,1.055173895,0.899710461,1.127822277,1.190170804,1.338450379,0.277382327,0.394275653,0.308711539,1.143362461,0.874510161,0.569760608,1.20109973,0.564593443,0.841776399,0.888160426,1.171676409,1.349877519,1.362336696,1.622147197,0.890450584,0.986073248,1.607558271,1.386722959,0.985203355,0.533572269,0.236955496,1.280059063,1.178842128,1.218611391,1.285043459,0.667905403,0.990713468,0.350971508,0.874510161,0.919521267,0.943974438,0.914926125,0.919521267,0.877988324,0.524775024,1.280896168,0.788024537,0.84337201,0.896173611,0.795602138,0.245591971,0.896173611,0.357300403,0.434476484,0.357300403,0.357300403,0.270970019,0.291382651,0,0.186833342,0.245591971,0.245591971,1.20109973,0.582214225,0.661570685,0.398497035,0.340935611,0.525233217,0.625364473,0.663273075,1.274283706,1.51236869,1.613716279,1.613716279,1.613716279,1.483870284,1.602181958,1.483387028,0.852910025,1.041523196,0.613706441,1.62925868,0.186833342,0.61204047
irmi,1.175690396,1.020226962,1.248338778,1.310687305,1.45896688,0.397898828,0.207442311,0.42922804,1.263878962,0.995026662,0.690277109,1.014266388,0.685109944,0.9622929,1.008676927,1.29219291,1.47039402,1.482853197,1.742663698,0.703617242,1.106589749,1.728074772,1.50723946,1.105719856,0.65408877,0.357471997,1.163530214,1.06231328,1.339127891,1.40555996,0.481072062,1.111229969,0.471488008,0.995026662,1.040037768,1.064490939,1.035442626,1.040037768,0.998504825,0.645291525,1.401412669,0.601191196,0.656538669,0.709340269,0.608768796,0.163540834,0.709340269,0.477816904,0.554992985,0.477816904,0.477816904,0.39148652,0.411899152,0.186833342,0,0.163540834,0.163540834,1.014266388,0.702730726,0.782087185,0.519013536,0.461452112,0.645749718,0.745880974,0.783789576,1.394800207,1.632885191,1.73423278,1.73423278,1.73423278,1.604386785,1.722698459,1.603903529,0.973426526,1.162039697,0.426873099,1.74977518,0,0.732556971
Malaysian Institut Transport,1.234449026,1.078985591,1.307097408,1.369445934,1.517725509,0.456657457,0.370983145,0.487986669,1.322637592,1.053785292,0.749035738,1.177807222,0.743868573,1.021051529,1.067435557,1.350951539,1.52915265,1.541611826,1.801422328,0.867158076,1.165348379,1.786833401,1.56599809,1.164478485,0.7128474,0.416230626,1.327071048,1.225854113,1.397886521,1.464318589,0.644612895,1.169988598,0.530246638,1.053785292,1.098796397,1.123249568,1.094201255,1.098796397,1.057263454,0.704050154,1.460171298,0.764732029,0.820079502,0.872881103,0.77230963,0,0.872881103,0.536575534,0.613751614,0.536575534,0.536575534,0.450245149,0.470657781,0.245591971,0.163540834,0,0,1.177807222,0.761489355,0.840845815,0.577772166,0.520210742,0.704508347,0.804639604,0.842548205,1.453558837,1.691643821,1.79299141,1.79299141,1.79299141,1.663145415,1.781457089,1.662662158,1.032185155,1.220798326,0.590413933,1.80853381,0.163540834,0.791315601
MITRAN,1.234449026,1.078985591,1.307097408,1.369445934,1.517725509,0.456657457,0.370983145,0.487986669,1.322637592,1.053785292,0.749035738,1.177807222,0.743868573,1.021051529,1.067435557,1.350951539,1.52915265,1.541611826,1.801422328,0.867158076,1.165348379,1.786833401,1.56599809,1.164478485,0.7128474,0.416230626,1.327071048,1.225854113,1.397886521,1.464318589,0.644612895,1.169988598,0.530246638,1.053785292,1.098796397,1.123249568,1.094201255,1.098796397,1.057263454,0.704050154,1.460171298,0.764732029,0.820079502,0.872881103,0.77230963,0,0.872881103,0.536575534,0.613751614,0.536575534,0.536575534,0.450245149,0.470657781,0.245591971,0.163540834,0,0,1.177807222,0.761489355,0.840845815,0.577772166,0.520210742,0.704508347,0.804639604,0.842548205,1.453558837,1.691643821,1.79299141,1.79299141,1.79299141,1.663145415,1.781457089,1.662662158,1.032185155,1.220798326,0.590413933,1.80853381,0.163540834,0.791315601
National Design Centre,2.082712822,1.927249387,2.155361203,2.294222389,2.442501964,1.342536144,0.967113865,1.373865357,2.170901388,1.978561746,1.673812193,0,0.916663676,1.869315325,1.992212011,2.275727994,2.453929104,2.466388281,2.726198782,1.401163031,2.090124833,2.711609856,2.490774544,2.012742281,1.217835317,1.264494422,1.861076004,1.759859069,2.246150317,2.312582385,1.141931516,2.094765053,1.455023093,1.978561746,2.023572852,2.048026023,1.942465051,2.023572852,1.90552725,1.55231395,2.384947753,0.816492195,0.871839668,0.967201126,0.866629654,1.177807222,0.967201126,1.422454221,1.499630302,1.422454221,1.422454221,1.336123836,1.356536468,1.20109973,1.014266388,1.177807222,1.177807222,0,0.934284458,1.176274949,1.082760084,1.140321508,1.324619113,1.729416058,1.76732466,2.378335291,2.616420275,2.717767864,2.717767864,2.717767864,2.587921869,2.706233543,2.587438613,1.95696161,2.145574781,1.053532944,2.733310265,1.014266388,1.521378109
Budisiswa,1.540307302,1.384843867,1.612955683,1.547773202,1.696052777,0.44349325,0.671830935,0.474822462,1.628495868,1.23211256,0.927363006,0.934284458,0.017620782,1.326909805,1.245762825,1.529278807,1.707479918,1.719939094,1.928992035,1.105880102,1.343675647,1.821987759,1.744325357,1.470336761,0.318792423,0.722088902,1.565793074,1.46457614,1.703744797,1.770176865,0.846648586,1.348315866,0.565400996,1.23211256,1.277123665,1.301576836,1.400059531,1.277123665,1.36312173,1.00990843,1.638498566,0.258925401,0.314272874,0.671918197,0.571346724,0.761489355,0.671918197,0.523411327,0.600587408,0.523411327,0.523411327,0.437080942,0.457493574,0.582214225,0.702730726,0.761489355,0.761489355,0.934284458,0,0.277232055,0.18371719,0.241278614,0.425576219,0.839793962,0.877702563,1.488713195,1.726798179,1.828145768,1.828145768,1.828145768,1.698299773,1.959784357,1.840989426,1.210512423,1.255952685,0.758250014,1.986861078,0.702730726,0.622335214
Bangunan HEP,1.619663761,1.464200327,1.692312143,1.627129662,1.775409237,0.52284971,0.913821426,0.554178922,1.707852327,1.311469019,1.006719466,1.176274949,0.259611273,1.406266265,1.325119284,1.608635267,1.786836377,1.799295554,2.008348495,1.347870593,1.423032106,1.901344219,1.823681817,1.549693221,0.398148883,0.801445362,1.807783565,1.706566631,1.783101256,1.849533325,1.088639077,1.427672326,0.644757456,1.311469019,1.356480125,1.380933296,1.479415991,1.356480125,1.44247819,1.08926489,1.717855026,0.500915892,0.556263365,0.913908688,0.813337215,0.840845815,0.913908688,0.602767786,0.679943867,0.602767786,0.602767786,0.516437402,0.536850034,0.661570685,0.782087185,0.840845815,0.840845815,1.176274949,0.277232055,0,0.263073649,0.320635073,0.504932679,0.919150421,0.957059023,1.568069654,1.806154639,1.907502227,1.907502227,1.907502227,1.777656232,2.039140816,1.920345886,1.289868883,1.335309144,1.000240505,2.066217537,0.782087185,0.701691674
Faculty of Business,1.356590112,1.201126677,1.429238494,1.364056013,1.512335588,0.259776061,0.726455848,0.291105273,1.444778678,1.04839537,0.743645817,1.082760084,0.166096407,1.143192616,1.062045635,1.345561617,1.523762728,1.536221905,1.745274846,1.222630778,1.159958457,1.63827057,1.560608168,1.286619572,0.135075234,0.538371713,1.58147528,1.480258345,1.520027607,1.586459676,0.995124212,1.164598676,0.381683807,1.04839537,1.093406476,1.117859647,1.216342342,1.093406476,1.179404541,0.826191241,1.454781376,0.407401026,0.4627485,0.820393822,0.719822349,0.577772166,0.820393822,0.339694137,0.416870218,0.339694137,0.339694137,0.253363753,0.273776385,0.398497035,0.519013536,0.577772166,0.577772166,1.082760084,0.18371719,0.263073649,0,0.057561424,0.24185903,0.656076772,0.693985374,1.304996005,1.543080989,1.644428578,1.644428578,1.644428578,1.514582583,1.776067167,1.657272237,1.026795234,1.072235495,0.906725639,1.803143888,0.519013536,0.438618025
"Instititut Leadership, Quality",1.299028688,1.143565253,1.37167707,1.306494588,1.454774164,0.202214637,0.668894423,0.233543849,1.387217254,0.990833946,0.686084392,1.140321508,0.223657832,1.085631191,1.004484211,1.288000193,1.466201304,1.47866048,1.687713421,1.165069354,1.102397033,1.580709146,1.503046744,1.229058147,0.192636658,0.480810288,1.523913855,1.422696921,1.462466183,1.528898251,0.942524174,1.107037252,0.324122382,0.990833946,1.035845051,1.060298222,1.158780917,1.035845051,1.121843117,0.768629816,1.397219952,0.464962451,0.520309924,0.877955246,0.777383774,0.520210742,0.877955246,0.282132713,0.359308794,0.282132713,0.282132713,0.195802328,0.216214961,0.340935611,0.461452112,0.520210742,0.520210742,1.140321508,0.241278614,0.320635073,0.057561424,0,0.184297605,0.598515348,0.63642395,1.247434581,1.485519565,1.586867154,1.586867154,1.586867154,1.457021159,1.718505743,1.599710812,0.969233809,1.014674071,0.888325211,1.745582464,0.461452112,0.381056601
Ayub Arshad Graduate Business School,1.483326293,1.327862859,1.555974675,1.490792194,1.639071769,0.386512242,0.853192029,0.417841454,1.571514859,1.175131551,0.870381998,1.324619113,0.407955437,1.269928797,1.188781816,1.472297799,1.650498909,1.662958086,1.872011027,1.349366959,1.286694638,1.765006751,1.687344349,1.413355753,0.376934264,0.665107894,1.708211461,1.606994526,1.646763789,1.713195857,1.126821779,1.291334858,0.508419988,1.175131551,1.220142657,1.244595828,1.343078523,1.220142657,1.306140722,0.952927422,1.581517558,0.649260056,0.704607529,1.062252852,0.961681379,0.704508347,1.062252852,0.466430319,0.543606399,0.466430319,0.466430319,0.380099934,0.400512566,0.525233217,0.645749718,0.704508347,0.704508347,1.324619113,0.425576219,0.504932679,0.24185903,0.184297605,0,0.782812953,0.820721555,1.431732187,1.669817171,1.77116476,1.77116476,1.77116476,1.641318764,1.902803348,1.784008418,1.153531415,1.198971676,1.072622817,1.92988007,0.645749718,0.565354206
Gym Sport Recreation,1.372255273,1.216791838,1.444903654,1.256765171,1.405044747,0.690778243,0.916772926,0.722107455,1.433023589,0.941104529,0.636354975,1.729416058,0.82217318,1.158857776,0.954754794,1.238270776,1.416471887,1.428931063,1.089198073,1.378595833,1.052667616,0.982193798,1.181109791,1.274864482,0.791152006,0.614435308,1.59714044,1.495923506,1.535692768,1.594960553,1.197670474,1.057307835,0.274392966,0.941104529,0.986115634,1.010568805,1.204587252,0.986115634,1.136812573,0.894573698,1.347490535,1.063477799,1.118825272,1.424489939,1.323918466,0.804639604,1.424489939,0.77069632,0.8478724,0.77069632,0.77069632,0.684365935,0.704778567,0.625364473,0.745880974,0.804639604,0.804639604,1.729416058,0.839793962,0.919150421,0.656076772,0.598515348,0.782812953,0,0.265706407,0.648919233,0.887004217,0.988351806,0.988351806,0.988351806,0.858505811,1.263415273,1.217285293,0.919504392,0.416158723,1.142022769,1.190223636,0.745880974,0.229764485
Dewan Agung Tuanku Canselor,1.410163874,1.25470044,1.482812256,1.294673773,1.442953348,0.728686845,0.954681527,0.760016057,1.470932191,0.979013131,0.674263577,1.76732466,0.860081781,1.196766378,0.992663396,1.276179378,1.454380489,1.466839665,1.35490448,1.416504435,1.090576217,1.247900204,1.446816198,1.312773084,0.829060608,0.65234391,1.635049042,1.533832107,1.573601369,1.632869155,1.235579076,1.095216437,0.312301567,0.979013131,1.024024236,1.048477407,1.242495854,1.024024236,1.174721175,0.9324823,1.385399137,1.1013864,1.156733873,1.462398541,1.361827068,0.842548205,1.462398541,0.808604921,0.885781002,0.808604921,0.808604921,0.722274537,0.742687169,0.663273075,0.783789576,0.842548205,0.842548205,1.76732466,0.877702563,0.957059023,0.693985374,0.63642395,0.820721555,0.265706407,0,0.91462564,1.152710624,1.254058213,1.254058213,1.254058213,1.124212218,1.52912168,1.4829917,0.957412994,0.68186513,1.179931371,1.455930043,0.783789576,0.495470892
MTDC,1.586176548,1.258112186,1.582133383,1.273610113,1.129544924,1.339697476,1.565692159,1.371026688,1.44986853,0.957949471,0.872045353,2.378335291,1.471092413,1.243830243,0.971599736,1.218875605,1.081989265,1.305510236,0.725017052,1.850486074,1.069512557,0.618012776,0.816928769,1.291709424,1.440071239,1.263354542,2.069030681,1.967813747,1.588999458,1.611805495,1.846589707,1.074152777,0.923312199,0.957949471,1.002960576,1.027413747,1.221432194,1.002960576,1.153657515,1.505143885,1.364335477,1.712397032,1.767744505,2.073409172,1.972837699,1.453558837,2.073409172,1.419615553,1.496791633,1.419615553,1.419615553,1.333285168,1.3536978,1.274283706,1.394800207,1.453558837,1.453558837,2.378335291,1.488713195,1.568069654,1.304996005,1.247434581,1.431732187,0.648919233,0.91462564,0,0.522823196,0.624170785,0.624170785,0.624170785,0.494324789,0.899234252,0.853104271,0.936349334,0.277655206,1.790942002,0.826042615,1.394800207,0.878683718
Surau FSPU,1.767339897,1.448789069,1.649819719,1.337631012,0.908983867,1.57778246,1.803777143,1.609111672,1.646351339,1.154432279,1.068528162,2.616420275,1.709177397,1.434507126,1.13696842,0.998314548,0.861428208,1.084949179,0.504455995,2.041162958,1.096293298,0.427258534,0.596367712,1.488192232,1.678156223,1.501439526,2.259707564,2.15849063,1.541449252,1.564255288,2.084674691,1.270635585,1.161397183,1.154432279,1.199443384,1.054194488,1.417915002,1.199443384,1.319026199,1.695820769,1.258200453,1.950482016,2.005829489,2.311494156,2.210922684,1.691643821,2.311494156,1.657700537,1.734876618,1.657700537,1.657700537,1.571370152,1.591782784,1.51236869,1.632885191,1.691643821,1.691643821,2.616420275,1.726798179,1.806154639,1.543080989,1.485519565,1.669817171,0.887004217,1.152710624,0.522823196,0,0.433416542,0.433416542,0.433416542,0.303570547,0.678673195,0.632543214,1.132832142,0.515740191,2.029026987,0.605481558,1.632885191,1.116768702
AB1,1.693569112,1.36550475,1.57659973,1.254346693,0.835763878,1.679130049,1.905124732,1.710459261,1.608274909,1.255779868,1.16987575,2.717767864,1.810524986,1.351222807,1.053684101,0.915030229,0.788208219,1.01172919,0.431236006,1.957878639,1.013008979,0.143288625,0.513083393,1.450115802,1.779503812,1.602787115,2.176423245,2.075206311,1.468229263,1.491035299,2.18602228,1.371983174,1.262744772,1.255779868,1.141075433,0.970910169,1.379838572,1.141075433,1.23574188,1.61253645,1.184980464,2.051829605,2.107177078,2.412841745,2.312270272,1.79299141,2.412841745,1.759048126,1.836224206,1.759048126,1.759048126,1.672717741,1.693130373,1.613716279,1.73423278,1.79299141,1.79299141,2.717767864,1.828145768,1.907502227,1.644428578,1.586867154,1.77116476,0.988351806,1.254058213,0.624170785,0.433416542,0,0,0,0.129845995,0.605453206,0.559323225,1.074464191,0.617087779,2.130374575,0.532261569,1.73423278,1.218116291
AB3,1.693569112,1.36550475,1.57659973,1.254346693,0.835763878,1.679130049,1.905124732,1.710459261,1.608274909,1.255779868,1.16987575,2.717767864,1.810524986,1.351222807,1.053684101,0.915030229,0.788208219,1.01172919,0.431236006,1.957878639,1.013008979,0.143288625,0.513083393,1.450115802,1.779503812,1.602787115,2.176423245,2.075206311,1.468229263,1.491035299,2.18602228,1.371983174,1.262744772,1.255779868,1.141075433,0.970910169,1.379838572,1.141075433,1.23574188,1.61253645,1.184980464,2.051829605,2.107177078,2.412841745,2.312270272,1.79299141,2.412841745,1.759048126,1.836224206,1.759048126,1.759048126,1.672717741,1.693130373,1.613716279,1.73423278,1.79299141,1.79299141,2.717767864,1.828145768,1.907502227,1.644428578,1.586867154,1.77116476,0.988351806,1.254058213,0.624170785,0.433416542,0,0,0,0.129845995,0.605453206,0.559323225,1.074464191,0.617087779,2.130374575,0.532261569,1.73423278,1.218116291
AB2,1.693569112,1.36550475,1.57659973,1.254346693,0.835763878,1.679130049,1.905124732,1.710459261,1.608274909,1.255779868,1.16987575,2.717767864,1.810524986,1.351222807,1.053684101,0.915030229,0.788208219,1.01172919,0.431236006,1.957878639,1.013008979,0.143288625,0.513083393,1.450115802,1.779503812,1.602787115,2.176423245,2.075206311,1.468229263,1.491035299,2.18602228,1.371983174,1.262744772,1.255779868,1.141075433,0.970910169,1.379838572,1.141075433,1.23574188,1.61253645,1.184980464,2.051829605,2.107177078,2.412841745,2.312270272,1.79299141,2.412841745,1.759048126,1.836224206,1.759048126,1.759048126,1.672717741,1.693130373,1.613716279,1.73423278,1.79299141,1.79299141,2.717767864,1.828145768,1.907502227,1.644428578,1.586867154,1.77116476,0.988351806,1.254058213,0.624170785,0.433416542,0,0,0,0.129845995,0.605453206,0.559323225,1.074464191,0.617087779,2.130374575,0.532261569,1.73423278,1.218116291
Kafeteria Kolej Anggerik,1.563723117,1.235658755,1.446753735,1.124500698,0.705917883,1.549284054,1.775278737,1.580613266,1.478428914,1.125933873,1.040029755,2.587921869,1.680678991,1.221376812,0.923838106,0.785184234,0.658362224,0.881883195,0.301390011,1.828032644,0.883162984,0.123687987,0.383237398,1.320269807,1.649657817,1.472941119,2.04657725,1.945360316,1.338383268,1.361189304,2.056176285,1.242137179,1.132898777,1.125933873,1.011229438,0.841064174,1.249992577,1.011229438,1.105895885,1.482690454,1.055134469,1.92198361,1.977331083,2.28299575,2.182424277,1.663145415,2.28299575,1.629202131,1.706378211,1.629202131,1.629202131,1.542871746,1.563284378,1.483870284,1.604386785,1.663145415,1.663145415,2.587921869,1.698299773,1.777656232,1.514582583,1.457021159,1.641318764,0.858505811,1.124212218,0.494324789,0.303570547,0.129845995,0.129845995,0.129845995,0,0.47560721,0.42947723,0.944618196,0.487241784,2.00052858,0.402415574,1.604386785,1.088270296
Mamakteria Cafe,1.231148473,1.067880356,1.113628295,0.828306465,0.38411035,1.782483466,1.893590411,1.813812678,1.310650514,1.023674731,1.032421351,2.706233543,1.942163575,1.053598413,0.756059706,0.617405835,0.277323744,0.548757754,0.251843046,1.660254244,0.661752669,0.599295197,0.215458999,1.152491408,1.911142401,1.579150314,1.878798851,1.777581917,1.005257827,1.028063864,2.174487959,1.0946103,1.39438336,1.023674731,0.843451039,0.673285775,1.082214178,0.843451039,0.938117485,1.314912055,0.722009028,2.183468194,2.238815667,2.401307424,2.300735951,1.781457089,2.401307424,1.862401543,1.939577624,1.862401543,1.862401543,1.776071158,1.79648379,1.602181958,1.722698459,1.781457089,1.781457089,2.706233543,1.959784357,2.039140816,1.776067167,1.718505743,1.902803348,1.263415273,1.52912168,0.899234252,0.678673195,0.605453206,0.605453206,0.605453206,0.47560721,0,0.11879493,0.776839797,0.892151247,2.118840254,0.231766322,1.722698459,1.493179758
Pusat Kesihatan UiTM Shah Alam,1.194405761,0.949085426,1.076885584,0.782693226,0.329946174,1.663688536,1.77479548,1.695017748,1.191855584,0.904879801,0.91362642,2.587438613,1.823368644,0.934803483,0.637264776,0.498610904,0.29320804,0.516729011,0.262161083,1.541459314,0.596589655,0.553165217,0.096664069,1.033696477,1.79234747,1.460355383,1.760003921,1.658786986,0.968515116,0.991321152,2.055693029,0.975815369,1.27558843,0.904879801,0.724656109,0.554490844,0.963419247,0.724656109,0.819322555,1.196117125,0.685266317,2.064673263,2.120020736,2.282512494,2.181941021,1.662662158,2.282512494,1.743606612,1.820782693,1.743606612,1.743606612,1.657276228,1.67768886,1.483387028,1.603903529,1.662662158,1.662662158,2.587438613,1.840989426,1.920345886,1.657272237,1.599710812,1.784008418,1.217285293,1.4829917,0.853104271,0.632543214,0.559323225,0.559323225,0.559323225,0.42947723,0.11879493,0,0.658044866,0.846021266,2.000045324,0.250956712,1.603903529,1.447049778
Non Resident Office,0.675135413,0.347071051,0.671092248,0.337260779,0.513108218,1.033211533,1.144318477,1.064540745,0.561378581,0.274402798,0.283149417,1.95696161,1.192891641,0.332789108,0.035250402,0.346334247,0.524535358,0.536994534,0.796805036,0.93944494,0.147742365,1.068306183,0.561380798,0.403219474,1.161870467,0.84198086,1.157989546,1.056772612,0.652650124,0.675456161,1.425216026,0.345338366,0.645111427,0.274402798,0.066611242,0.118024333,0.332942244,0.066611242,0.217308181,0.59410275,0.427986143,1.43419626,1.489543733,1.652035491,1.551464018,1.032185155,1.652035491,1.113129609,1.19030569,1.113129609,1.113129609,1.026799225,1.047211857,0.852910025,0.973426526,1.032185155,1.032185155,1.95696161,1.210512423,1.289868883,1.026795234,0.969233809,1.153531415,0.919504392,0.957412994,0.936349334,1.132832142,1.074464191,1.074464191,1.074464191,0.944618196,0.776839797,0.658044866,0,0.725286565,1.369568321,0.803916518,0.973426526,1.143560546
Security Office,1.375113779,1.047049417,1.371070614,1.062547344,1.122461919,1.106936966,1.332931649,1.138266178,1.238805762,0.746886702,0.660982584,2.145574781,1.238331903,1.032767474,0.760536967,1.044052949,1.07490626,1.234713236,0.717934047,1.639423306,0.858449789,0.610929771,0.809845764,1.080646655,1.207310729,1.030594031,1.857967912,1.756750978,1.377936689,1.400742726,1.613829197,0.863090008,0.690551688,0.746886702,0.791897807,0.816350978,1.010369425,0.791897807,0.942594746,1.294081116,1.153272708,1.479636522,1.534983995,1.840648662,1.740077189,1.220798326,1.840648662,1.186855043,1.264031123,1.186855043,1.186855043,1.100524658,1.12093729,1.041523196,1.162039697,1.220798326,1.220798326,2.145574781,1.255952685,1.335309144,1.072235495,1.014674071,1.198971676,0.416158723,0.68186513,0.277655206,0.515740191,0.617087779,0.617087779,0.617087779,0.487241784,0.892151247,0.846021266,0.725286565,0,1.558181492,0.81895961,1.162039697,0.645923208
Register Office,1.495319533,1.339856098,1.567967915,1.7068291,1.855108675,0.824771927,0.379720576,0.856101139,1.583508099,1.391168457,1.086418904,1.053532944,0.740629232,1.281922036,1.404818722,1.688334705,1.866535816,1.878994992,2.138805494,0.843670114,1.502731544,2.124216567,1.903381255,1.425348992,1.041800873,0.677101133,1.303583086,1.202366152,1.658757028,1.725189096,0.584438598,1.507371764,0.867629804,1.391168457,1.436179563,1.460632734,1.355071762,1.436179563,1.318133961,0.964920661,1.797554464,0.640457751,0.695805224,0.748606824,0.648035352,0.590413933,0.748606824,0.904690003,0.981866084,0.904690003,0.904690003,0.818359619,0.838772251,0.613706441,0.426873099,0.590413933,0.590413933,1.053532944,0.758250014,1.000240505,0.906725639,0.888325211,1.072622817,1.142022769,1.179931371,1.790942002,2.029026987,2.130374575,2.130374575,2.130374575,2.00052858,2.118840254,2.000045324,1.369568321,1.558181492,0,2.145916976,0.426873099,1.159430071
Pos Polis Bantuan,1.385753395,1.094957077,1.268233217,0.980144416,0.527397365,1.809560188,1.920667132,1.8408894,1.337727236,1.050751453,1.059498072,2.733310265,1.969240296,1.080675134,0.783136428,0.644482556,0.479841706,0.703362676,0.101025563,1.687330966,0.742461306,0.52610356,0.24253572,1.179568129,1.938219122,1.606227035,1.905875572,1.804658638,1.15986275,1.182668786,2.20156468,1.121687021,1.421460082,1.050751453,0.87052776,0.700362496,1.109290899,0.87052776,0.965194207,1.341988777,0.876613951,2.210544915,2.265892388,2.428384145,2.327812673,1.80853381,2.428384145,1.889478264,1.966654345,1.889478264,1.889478264,1.80314788,1.823560512,1.62925868,1.74977518,1.80853381,1.80853381,2.733310265,1.986861078,2.066217537,1.803143888,1.745582464,1.92988007,1.190223636,1.455930043,0.826042615,0.605481558,0.532261569,0.532261569,0.532261569,0.402415574,0.231766322,0.250956712,0.803916518,0.81895961,2.145916976,0,1.74977518,1.419988122
Stor Sukan,1.175690396,1.020226962,1.248338778,1.310687305,1.45896688,0.397898828,0.207442311,0.42922804,1.263878962,0.995026662,0.690277109,1.014266388,0.685109944,0.9622929,1.008676927,1.29219291,1.47039402,1.482853197,1.742663698,0.703617242,1.106589749,1.728074772,1.50723946,1.105719856,0.65408877,0.357471997,1.163530214,1.06231328,1.339127891,1.40555996,0.481072062,1.111229969,0.471488008,0.995026662,1.040037768,1.064490939,1.035442626,1.040037768,0.998504825,0.645291525,1.401412669,0.601191196,0.656538669,0.709340269,0.608768796,0.163540834,0.709340269,0.477816904,0.554992985,0.477816904,0.477816904,0.39148652,0.411899152,0.186833342,0,0.163540834,0.163540834,1.014266388,0.702730726,0.782087185,0.519013536,0.461452112,0.645749718,0.745880974,0.783789576,1.394800207,1.632885191,1.73423278,1.73423278,1.73423278,1.604386785,1.722698459,1.603903529,0.973426526,1.162039697,0.426873099,1.74977518,0,0.732556971
Institut Pengajian Siswazah,1.570133547,1.414670112,1.642781929,1.480821325,1.6291009,0.473319496,0.939999283,0.504648708,1.657079742,1.165160682,0.860411129,1.521378109,0.604714432,1.356736051,1.178810947,1.46232693,1.64052804,1.652987217,1.318962558,1.436174213,1.276723769,1.211958283,1.410874276,1.498920636,0.573693259,0.751915148,1.795018715,1.69380178,1.733571042,1.800003111,1.213629033,1.281363989,0.498449119,1.165160682,1.210171788,1.234624959,1.428643406,1.210171788,1.360868726,1.039734676,1.571546689,0.846019051,0.901366525,1.259011847,1.158440374,0.791315601,1.259011847,0.553237572,0.630413653,0.553237572,0.553237572,0.466907188,0.48731982,0.61204047,0.732556971,0.791315601,0.791315601,1.521378109,0.622335214,0.701691674,0.438618025,0.381056601,0.565354206,0.229764485,0.495470892,0.878683718,1.116768702,1.218116291,1.218116291,1.218116291,1.088270296,1.493179758,1.447049778,1.143560546,0.645923208,1.159430071,1.419988122,0.732556971,0
