,Faculty of MASSCOM and FSSR,Fakulti Sains Komputer & Matematik 1,Fakulti Sains Komputer & Matematik 2,Kolej Melati,Kolej Mawar,Block B Faculty Of Applied Sciences,Kolej Seroja,Block C Faculty Of Applied Sciences,Kolej Delima 1,Kolej Delima 3,Kolej Delima 2 (Pusat Kokurikulum),Faculty of Art and Design,Perpustakaan Tun Abdul Razak 1,Taska UiTM Shah Alam,Dewan Platinum Kolej Melati,Dewan Mawar Qaseh,Unit Bengkel Kenderaan UiTM Shah Alam,"Jabatan Pengurusan Perolehan & Aset, Pejabat Bendahari UiTM Shah Alam",Akademi Pengajian Bahasa,Pintu Seksyen 2,Dataran Cendekiawan,Kolej Anggerik,Makmal Fakulti Kejuruteraan Kimia,Kompleks Kolam Renang UiTM Shah Alam,Fakulti Undang-Undang,Masjid Al-Wathiqu Billah Tuanku Mizan Zainal Abidin,Parking Canseleri,Canseleri Tuanku Syed Sirajuddin,Kompleks Kejuruteraan Elektrikal,Fakulti Kejuruteraan Kimia,Kompleks Sukan UiTM Shah Alam,Kolej Perindu,Pusat Kokurikulum,Ibu Pejabat Polis Bantuan UiTM,Kolej Teratai 2,kolej Teratai,Kolej Teratai 3,Kolej Delima 2 (PB),UiTM Facilities Center,Faculty of Civil Engineering,Dewan Sri Budiman,Dewan Annexe,Menara Sultan Abdul Aziz Shah,Bahagian Pembangunan Organisasi,Jabatan Sain Ukur dan Geomatik,DKB,Block A Faculty of Applied Science,Block A Faculty Of Applied Sciences,DK Beta,DK Alfa,DK Delta,DK Gamma & DK Bestari,Block F Faculty Of Applied Sciences,irmi,Malaysian Institut Transport,MITRAN,National Design Centre,Budisiswa,Bangunan HEP,Faculty of Business,"Instititut Leadership, Quality",Ayub Arshad Graduate Business School,Gym Sport Recreation,Dewan Agung Tuanku Canselor,MTDC,Surau FSPU,AB1,AB3,AB2,Kafeteria Kolej Anggerik,Mamakteria Cafe,Pusat Kesihatan UiTM Shah Alam,Non Resident Office,Security Office,Register Office,Pos Polis Bantuan,Stor Sukan,Institut Pengajian Siswazah
Faculty of MASSCOM and FSSR,0,0.33036,0.33395,0.88876,1.09825,1.70336,1.43783,1.73469,0.7232,0.92423,0.93298,2.19075,1.84272,0.46527,0.665,0.81345,0.95382,0.96628,1.4209,0.80447,0.7775,1.68796,1.32225,0.56504,1.8117,1.51213,1.036,0.93478,0.41304,0.47382,0.99517,1.29494,0.92423,0.7643,0.74778,0.49476,0.7643,0.45783,1.79995,0.70751,1.77767,1.83504,1.88582,1.78525,1.67343,1.88582,1.78328,1.86046,1.78328,1.78328,1.69695,1.71736,1.52306,1.50989,1.67343,1.67343,2.19075,1.86034,1.9397,1.67662,1.61906,1.80336,1.56933,1.60724,1.84553,1.76734,1.69412,1.69412,1.69412,1.56428,1.27264,1.1944,0.69769,1.98082,1.63325,1.38575,1.50989,1.79339
Fakulti Sains Komputer & Matematik 1,0.33036,0,0.32631,0.71077,1.0412,1.44711,1.42463,1.47844,0.46695,0.66798,0.67673,2.17754,1.58647,0.20902,0.40876,0.63087,0.90564,0.9181,1.36995,0.79126,0.52125,1.63702,1.26519,0.30879,1.55545,1.25588,1.02279,0.92158,0.4171,0.49583,0.73892,1.03869,0.66798,0.50805,0.49153,0.23852,0.50805,0.20158,1.5437,0.72952,1.76447,1.82183,1.87262,1.77204,1.44609,1.87262,1.52703,1.60421,1.52703,1.52703,1.4407,1.46111,1.26681,1.38733,1.44609,1.44609,2.17754,1.60409,1.68345,1.42037,1.36281,1.54711,1.31308,1.35099,1.79458,1.71639,1.64317,1.64317,1.64317,1.51333,1.22445,1.13735,0.44144,1.72924,1.62005,1.3348,1.38733,1.53714
Fakulti Sains Komputer & Matematik 2,0.33395,0.32631,0,0.77124,0.98073,1.69932,1.51048,1.73065,0.71916,0.92019,0.92894,2.2634,1.83868,0.46123,0.66096,0.69593,0.8363,0.84876,1.30338,0.87711,0.6651,1.57045,1.20473,0.561,1.80765,1.50809,1.10865,1.00743,0.27758,0.35631,0.99112,1.2909,0.92019,0.76026,0.7072,0.49072,0.76026,0.45379,1.79591,0.59,1.85032,1.90769,1.95847,1.8579,1.6983,1.95847,1.77924,1.85642,1.77924,1.77924,1.69291,1.71332,1.51902,1.58254,1.6983,1.6983,2.2634,1.8563,1.93565,1.67258,1.61502,1.79932,1.56529,1.6032,1.72802,1.64982,1.5766,1.5766,1.5766,1.44676,1.15512,1.07689,0.69365,1.8633,1.7059,1.26823,1.58254,1.78935
Kolej Melati,0.88876,0.71077,0.77124,0,0.68654,1.3908,1.5019,1.42213,0.8826,0.61166,0.62041,2.31455,1.53015,0.62467,0.30201,0.27622,0.55098,0.56344,1.01529,1.42792,0.24134,1.28236,0.91054,0.72444,1.49913,1.19957,1.65945,1.55824,0.66286,0.68567,0.6826,0.98237,0.61166,0.40387,0.28344,0.65417,0.40387,0.50919,1.48739,0.4382,1.77146,1.82882,2.00962,1.90905,1.38977,2.00962,1.47071,1.54789,1.47071,1.47071,1.38438,1.4048,1.21049,1.33101,1.38977,1.38977,2.31455,1.54777,1.62713,1.36405,1.30649,1.49079,1.25676,1.29467,1.43993,1.36174,1.28852,1.28852,1.28852,1.15867,0.8698,0.78269,0.33726,1.57521,1.72715,0.98015,1.33101,1.48082
Kolej Mawar,1.09825,1.0412,0.98073,0.68654,0,1.68606,1.79717,1.71739,1.1939,0.90693,0.91567,2.60981,1.82542,0.9551,0.63244,0.4756,0.19706,0.42058,0.56255,1.65876,0.51999,0.82961,0.45779,1.03575,1.7944,1.49483,1.8903,1.78908,0.87236,0.89517,0.97786,1.27764,0.90693,0.7267,0.54967,0.96547,0.7267,0.83962,1.78265,0.58912,2.06672,2.12409,2.30489,2.20431,1.68504,2.30489,1.76598,1.84316,1.76598,1.76598,1.67965,1.70006,1.50576,1.62628,1.68504,1.68504,2.60981,1.84304,1.92239,1.65932,1.60176,1.78606,1.49373,1.58994,0.98718,0.90899,0.83577,0.83577,0.83577,0.70592,0.4256,0.32995,0.66009,1.12247,2.02242,0.5274,1.62628,1.77609
Block B Faculty Of Applied Sciences,1.70336,1.44711,1.69932,1.3908,1.68606,0,0.61947,0.03133,1.56705,1.07514,0.77039,1.34254,0.42587,1.36102,1.08879,1.27573,1.5505,1.56296,1.77998,1.14458,1.1867,1.67297,1.91005,1.4089,0.39485,0.41726,1.59228,1.49106,1.70618,1.72899,1.19134,0.41638,1.07514,1.12015,1.1446,1.33862,1.12015,1.29596,0.70508,1.48152,0.66718,0.72454,1.08017,0.9796,0.45666,1.08017,0.07992,0.24532,0.07992,0.07992,0.03363,0.014,0.27738,0.3979,0.45666,0.45666,1.34254,0.44349,0.52285,0.25977,0.20221,0.38651,0.69078,0.72869,1.19733,1.57778,1.67913,1.67913,1.67913,1.54928,1.86931,1.78221,1.05354,1.10694,0.84145,1.89565,0.3979,0.47332
Kolej Seroja,1.43783,1.42463,1.51048,1.5019,1.79717,0.61947,0,0.6508,1.67816,1.18624,0.88149,0.96711,0.65421,1.47212,1.19989,1.38684,1.66161,1.67406,2.0263,0.67463,1.2978,1.91929,2.02116,1.52,0.87566,0.45185,1.12232,1.0211,1.60127,1.6677,1.30244,0.6627,1.18624,1.23125,1.2557,1.44972,1.23125,1.40707,0.73967,1.59263,0.55404,0.6114,0.66219,0.56162,0.38767,0.66219,0.69939,0.77656,0.69939,0.69939,0.61306,0.63347,0.41096,0.22412,0.38767,0.38767,0.96711,0.67183,0.91382,0.74058,0.68302,0.86732,0.9371,0.975,1.44364,1.8241,1.92545,1.92545,1.92545,1.7956,1.98042,1.89332,1.16464,1.35325,0.37972,2.09077,0.22412,0.95413
Block C Faculty Of Applied Sciences,1.73469,1.47844,1.73065,1.42213,1.71739,0.03133,0.6508,0,1.59838,1.10646,0.80172,1.37386,0.4572,1.39235,1.12012,1.30706,1.58183,1.59429,1.81131,1.17591,1.21803,1.7043,1.94138,1.44022,0.42618,0.44859,1.6236,1.52239,1.73751,1.76032,1.22267,0.44771,1.10646,1.15148,1.17593,1.36995,1.15148,1.32729,0.73641,1.51285,0.69851,0.75587,1.1115,1.01093,0.48799,1.1115,0.04859,0.27665,0.04859,0.04859,0.06496,0.04533,0.30871,0.42923,0.48799,0.48799,1.37386,0.47482,0.55418,0.2911,0.23354,0.41784,0.72211,0.76002,1.22866,1.60911,1.71046,1.71046,1.71046,1.58061,1.90064,1.81354,1.08486,1.13826,0.87278,1.92698,0.42923,0.50465
Kolej Delima 1,0.7232,0.46695,0.71916,0.8826,1.1939,1.56705,1.67816,1.59838,0,0.78792,0.79667,2.4908,1.70641,0.38085,0.58059,0.78358,1.05834,1.0708,1.52266,1.1841,0.69308,1.78972,1.4179,0.16013,1.67539,1.37582,1.41564,1.31442,0.80995,0.88867,0.85886,1.15863,0.78792,0.62799,0.65244,0.22844,0.62799,0.37341,1.66364,0.97333,1.94771,2.00508,2.18588,2.08531,1.56603,2.18588,1.64697,1.72415,1.64697,1.64697,1.56064,1.58105,1.38675,1.50727,1.56603,1.56603,2.4908,1.72403,1.80339,1.54031,1.48275,1.66705,1.43302,1.47093,1.93957,1.8691,1.79588,1.79588,1.79588,1.66603,1.37716,1.29005,0.56138,1.84918,1.90341,1.48751,1.50727,1.65708
Kolej Delima 3,0.92423,0.66798,0.92019,0.61166,0.90693,1.07514,1.18624,1.10646,0.78792,0,0.30475,1.99889,1.21449,0.58188,0.30965,0.4966,0.77137,0.78383,1.23568,1.38513,0.40757,1.50275,1.13092,0.62976,1.18347,0.8839,1.61667,1.51545,0.92705,0.94986,0.41221,0.66671,0,0.34101,0.36547,0.55949,0.34101,0.51683,1.17172,0.70239,1.4558,1.51316,1.69396,1.59339,1.07411,1.69396,1.15505,1.23223,1.15505,1.15505,1.06872,1.08914,0.89483,1.01535,1.07411,1.07411,1.99889,1.23211,1.31147,1.04839,0.99083,1.17513,0.9411,0.97901,1.44765,1.58212,1.5089,1.5089,1.5089,1.37906,1.09018,1.00308,0.2744,1.35726,1.41149,1.20053,1.01535,1.16516
Kolej Delima 2 (Pusat Kokurikulum),0.93298,0.67673,0.92894,0.62041,0.91567,0.77039,0.88149,0.80172,0.79667,0.30475,0,1.69414,0.90974,0.59063,0.3184,0.50535,0.78011,0.79257,1.24443,1.39388,0.41631,1.51149,1.13967,0.63851,0.87872,0.57916,1.62541,1.5242,0.9358,0.9586,0.42095,0.36196,0.30475,0.34976,0.37421,0.56823,0.34976,0.52558,0.86698,0.71113,1.15105,1.20841,1.38921,1.28864,0.76936,1.38921,0.85031,0.92748,0.85031,0.85031,0.76398,0.78439,0.59009,0.7106,0.76936,0.76936,1.69414,0.92736,1.00672,0.74365,0.68608,0.87038,0.63636,0.67426,1.1429,1.52336,1.51765,1.51765,1.51765,1.3878,1.09893,1.01183,0.28315,1.05251,1.10674,1.20928,0.7106,0.86041
Faculty of Art and Design,2.19075,2.17754,2.2634,2.31455,2.60981,1.34254,0.96711,1.37386,2.4908,1.99889,1.69414,0,0.91666,2.28477,2.01254,2.19948,2.47425,2.48671,2.82804,1.42754,2.11045,2.72103,2.83381,2.33265,1.21784,1.26449,1.87524,1.77402,2.35418,2.42062,2.11509,1.46444,1.99888,2.0439,2.06835,2.26237,2.0439,2.21971,1.55231,2.40527,0.81649,0.87386,0.9672,0.86663,1.19449,0.9672,1.42245,1.49963,1.42245,1.42245,1.33612,1.35654,1.21778,1.03095,1.19449,1.19449,0,0.93429,1.17628,1.08276,1.14032,1.32462,1.73884,1.77675,2.24539,2.62584,2.72719,2.72719,2.72719,2.59734,2.79306,2.70596,1.97729,2.155,1.05353,2.90342,1.03095,1.52138
Perpustakaan Tun Abdul Razak 1,1.84272,1.58647,1.83868,1.53015,1.82542,0.42587,0.65421,0.4572,1.70641,1.21449,0.90974,0.91666,0,1.50037,1.22814,1.41509,1.68986,1.70231,1.91137,1.11464,1.32605,1.80437,2.04941,1.54825,0.30117,0.70447,1.56233,1.46112,1.84554,1.86834,1.33069,0.54778,1.21449,1.2595,1.28395,1.47797,1.2595,1.43532,0.99229,1.62087,0.24131,0.29867,0.6543,0.55373,0.74387,0.6543,0.50579,0.58297,0.50579,0.50579,0.41946,0.43987,0.56459,0.68511,0.74387,0.74387,0.91666,0.01762,0.25961,0.1661,0.22366,0.40795,0.82217,0.86008,1.32872,1.70918,1.81052,1.81052,1.81052,1.68068,2.00867,1.92157,1.19289,1.23833,0.74063,2.02705,0.68511,0.60472
Taska UiTM Shah Alam,0.46527,0.20902,0.46123,0.62467,0.9551,1.36102,1.47212,1.39235,0.38085,0.58188,0.59063,2.28477,1.50037,0,0.32266,0.54477,0.81954,0.832,1.28385,0.92617,0.43515,1.55092,1.17909,0.2227,1.46935,1.16979,1.1577,1.05649,0.55201,0.63074,0.65282,0.95259,0.58188,0.42195,0.40543,0.15242,0.42195,0.11548,1.45761,0.71539,1.74168,1.79904,1.97984,1.87927,1.35999,1.97984,1.44093,1.51811,1.44093,1.44093,1.3546,1.37502,1.18072,1.30123,1.35999,1.35999,2.28477,1.51799,1.59735,1.33428,1.27671,1.46101,1.22699,1.26489,1.70849,1.63029,1.55707,1.55707,1.55707,1.42723,1.13835,1.05125,0.35534,1.64314,1.69737,1.2487,1.30123,1.45104
Dewan Platinum Kolej Melati,0.665,0.40876,0.66096,0.30201,0.63244,1.08879,1.19989,1.12012,0.58059,0.30965,0.3184,2.01254,1.22814,0.32266,0,0.22211,0.49688,0.50934,0.96119,1.12591,0.11249,1.22826,0.85644,0.42243,1.19712,0.89756,1.35744,1.25623,0.6174,0.6402,0.38059,0.68036,0.30965,0.10186,0.08277,0.35216,0.10186,0.20718,1.18538,0.39273,1.46945,1.52681,1.70761,1.60704,1.08776,1.70761,1.1687,1.24588,1.1687,1.1687,1.08237,1.10279,0.90848,1.029,1.08776,1.08776,2.01254,1.24576,1.32512,1.06204,1.00448,1.18878,0.95475,0.99266,1.38583,1.30764,1.23442,1.23442,1.23442,1.10457,0.8157,0.72859,0.03525,1.37091,1.42514,0.92605,1.029,1.17881
Dewan Mawar Qaseh,0.81345,0.63087,0.69593,0.27622,0.4756,1.27573,1.38684,1.30706,0.78358,0.4966,0.50535,2.19948,1.41509,0.54477,0.22211,0,0.34004,0.3525,0.80435,1.34802,0.10966,1.07142,0.6996,0.62542,1.38407,1.0845,1.57956,1.47834,0.58756,0.61037,0.56754,0.86731,0.4966,0.31638,0.13934,0.55514,0.31638,0.42929,1.37232,0.30431,1.6564,1.71376,1.89456,1.79399,1.27471,1.89456,1.35565,1.43283,1.35565,1.35565,1.26932,1.28973,1.09543,1.21595,1.27471,1.27471,2.19948,1.43271,1.51207,1.24899,1.19143,1.37573,1.1417,1.17961,1.22899,1.1508,1.07758,1.07758,1.07758,0.94773,0.65885,0.57175,0.24977,1.36427,1.61209,0.7692,1.21595,1.36576
Unit Bengkel Kenderaan UiTM Shah Alam,0.95382,0.90564,0.8363,0.55098,0.19706,1.5505,1.66161,1.58183,1.05834,0.77137,0.78011,2.47425,1.68986,0.81954,0.49688,0.34004,0,0.27143,0.51499,1.51434,0.38443,0.78206,0.42105,0.90019,1.65884,1.35927,1.74587,1.64465,0.72793,0.75074,0.8423,1.14208,0.77137,0.59114,0.41411,0.82991,0.59114,0.70406,1.64709,0.44468,1.93116,1.98853,2.16933,2.06875,1.54948,2.16933,1.63042,1.7076,1.63042,1.63042,1.54409,1.5645,1.3702,1.49072,1.54948,1.54948,2.47425,1.70748,1.78683,1.52376,1.4662,1.6505,1.41647,1.45438,0.93963,0.86143,0.78821,0.78821,0.78821,0.65837,0.31881,0.29321,0.52453,1.07491,1.88686,0.47984,1.49072,1.64053
"Jabatan Pengurusan Perolehan & Aset, Pejabat Bendahari UiTM Shah Alam",0.96628,0.9181,0.84876,0.56344,0.42058,1.56296,1.67406,1.59429,1.0708,0.78383,0.79257,2.48671,1.70231,0.832,0.50934,0.3525,0.27143,0,0.73851,1.52679,0.39689,1.00558,0.64457,0.91264,1.67129,1.37173,1.75833,1.65711,0.74039,0.7632,0.85476,1.15453,0.78383,0.6036,0.42657,0.84237,0.6036,0.71652,1.65955,0.45714,1.94362,2.00099,2.18178,2.08121,1.56193,2.18178,1.64288,1.72005,1.64288,1.64288,1.55655,1.57696,1.38266,1.50317,1.56193,1.56193,2.48671,1.71993,1.79929,1.53622,1.47866,1.66295,1.42893,1.46684,1.16314,1.08495,1.01173,1.01173,1.01173,0.88189,0.59025,0.51673,0.53699,1.29843,1.89931,0.70336,1.50317,1.65299
Akademi Pengajian Bahasa,1.4209,1.36995,1.30338,1.01529,0.56255,1.77998,2.0263,1.81131,1.52266,1.23568,1.24443,2.82804,1.91137,1.28385,0.96119,0.80435,0.51499,0.73851,0,1.98141,0.84874,0.42508,0.41395,1.3645,1.88035,1.72396,2.21294,2.11173,1.19501,1.21782,1.30662,1.36359,1.23568,1.05546,0.87842,1.29422,1.05546,1.16837,2.01178,0.91176,2.15268,2.21004,2.53401,2.43344,1.91416,2.53401,1.85989,1.93707,1.85989,1.85989,1.77356,1.79398,1.73489,1.8554,1.91416,1.91416,2.82804,1.92899,2.00835,1.74528,1.68772,1.87201,1.0892,1.35491,0.58265,0.50446,0.43124,0.43124,0.43124,0.30139,0.27578,0.28611,0.98884,0.71794,2.25154,0.12497,1.8554,1.39307
Pintu Seksyen 2,0.80447,0.79126,0.87711,1.42792,1.65876,1.14458,0.67463,1.17591,1.1841,1.38513,1.39388,1.42754,1.11464,0.92617,1.12591,1.34802,1.51434,1.52679,1.98141,0,1.2384,2.24848,1.88276,1.02594,1.40077,0.98168,0.48896,0.38774,0.9679,1.03434,1.45607,1.19253,1.38513,1.2252,1.20868,0.95567,1.2252,0.91873,1.2695,1.26803,1.01447,1.07183,1.12262,1.02205,0.91023,1.12262,1.2245,1.30168,1.2245,1.2245,1.13817,1.15858,0.93352,0.74668,0.91023,0.91023,1.42754,1.13226,1.37426,1.2657,1.20814,1.39244,1.46692,1.50483,1.97347,2.32785,2.25463,2.25463,2.25463,2.12479,1.83315,1.75492,1.15859,1.88308,0.87005,1.94626,0.74668,1.47924
Dataran Cendekiawan,0.7775,0.52125,0.6651,0.24134,0.51999,1.1867,1.2978,1.21803,0.69308,0.40757,0.41631,2.11045,1.32605,0.43515,0.11249,0.10966,0.38443,0.39689,0.84874,1.2384,0,1.11581,0.74398,0.53492,1.29503,0.99547,1.46993,1.36872,0.55673,0.57953,0.4785,0.77827,0.40757,0.21435,0.0421,0.46465,0.21435,0.31967,1.28329,0.33206,1.56736,1.62473,1.80552,1.70495,1.18567,1.80552,1.26662,1.34379,1.26662,1.26662,1.18029,1.2007,1.0064,1.12691,1.18567,1.18567,2.11045,1.34367,1.42303,1.15996,1.1024,1.28669,1.05267,1.09058,1.27337,1.19518,1.12196,1.12196,1.12196,0.99212,0.70324,0.61614,0.14774,1.40866,1.52305,0.81359,1.12691,1.27672
Kolej Anggerik,1.68796,1.63702,1.57045,1.28236,0.82961,1.67297,1.91929,1.7043,1.78972,1.50275,1.51149,2.72103,1.80437,1.55092,1.22826,1.07142,0.78206,1.00558,0.42508,2.24848,1.11581,0,0.68101,1.63156,1.77334,1.61695,2.48001,2.37879,1.46208,1.48488,1.57368,1.25659,1.50275,1.32252,1.14549,1.56129,1.32252,1.43544,1.90477,1.17883,2.04567,2.10304,2.42701,2.32644,1.80716,2.42701,1.75289,1.83007,1.75289,1.75289,1.66656,1.68697,1.62788,1.7484,1.80716,1.80716,2.72103,1.82199,1.90134,1.63827,1.58071,1.76501,0.98219,1.2479,0.47564,0.42726,0.14329,0.14329,0.14329,0.12369,0.61522,0.55317,1.25591,0.61093,2.14454,0.54076,1.7484,1.28606
Makmal Fakulti Kejuruteraan Kimia,1.32225,1.26519,1.20473,0.91054,0.45779,1.91005,2.02116,1.94138,1.4179,1.13092,1.13967,2.83381,2.04941,1.17909,0.85644,0.6996,0.42105,0.64457,0.41395,1.88276,0.74398,0.68101,0,1.25974,2.01839,1.71882,2.11429,2.01308,1.09636,1.11916,1.20186,1.50163,1.13092,0.9507,0.77366,1.18946,0.9507,1.06361,2.00664,0.81311,2.29072,2.34808,2.52888,2.42831,1.90903,2.52888,1.98997,2.06715,1.98997,1.98997,1.90364,1.92405,1.72975,1.85027,1.90903,1.90903,2.8338,2.06703,2.14639,1.88331,1.82575,2.01005,1.34513,1.61084,0.83858,0.76039,0.68717,0.68717,0.68717,0.55733,0.28813,0.14002,0.88409,0.97387,2.24641,0.3788,1.85027,1.649
Kompleks Kolam Renang UiTM Shah Alam,0.56504,0.30879,0.561,0.72444,1.03575,1.4089,1.52,1.44022,0.16013,0.62976,0.63851,2.33265,1.54825,0.2227,0.42243,0.62542,0.90019,0.91264,1.3645,1.02594,0.53492,1.63156,1.25974,0,1.51723,1.21767,1.25748,1.15626,0.65179,0.73051,0.7007,1.00047,0.62976,0.46983,0.49428,0.07028,0.46983,0.21526,1.50549,0.81517,1.78956,1.84692,2.02772,1.92715,1.40787,2.02772,1.48881,1.56599,1.48881,1.48881,1.40248,1.4229,1.22859,1.34911,1.40787,1.40787,2.33265,1.56587,1.64523,1.38215,1.32459,1.50889,1.27486,1.31277,1.78141,1.71094,1.63772,1.63772,1.63772,1.50787,1.219,1.1319,0.40322,1.69102,1.74525,1.32935,1.34911,1.49892
Fakulti Undang-Undang,1.8117,1.55545,1.80765,1.49913,1.7944,0.39485,0.87566,0.42618,1.67539,1.18347,0.87872,1.21784,0.30117,1.46935,1.19712,1.38407,1.65884,1.67129,1.88035,1.40077,1.29503,1.77334,2.01839,1.51723,0,0.67345,1.84846,1.74725,1.81452,1.83732,1.29967,0.51676,1.18347,1.22848,1.25293,1.44695,1.22848,1.4043,0.96127,1.58985,0.54248,0.59984,0.95547,0.8549,0.71285,0.95547,0.47477,0.55194,0.47477,0.47477,0.38844,0.40885,0.53357,0.65409,0.71285,0.71285,1.21784,0.31879,0.39815,0.13508,0.19264,0.37693,0.79115,0.82906,1.2977,1.67816,1.7795,1.7795,1.7795,1.64966,1.97765,1.89055,1.16187,1.20731,1.0418,1.99603,0.65409,0.57369
Masjid Al-Wathiqu Billah Tuanku Mizan Zainal Abidin,1.51213,1.25588,1.50809,1.19957,1.49483,0.41726,0.45185,0.44859,1.37582,0.8839,0.57916,1.26449,0.70447,1.16979,0.89756,1.0845,1.35927,1.37173,1.72396,0.98168,0.99547,1.61695,1.71882,1.21767,0.67345,0,1.42937,1.32815,1.51495,1.53776,1.00011,0.36037,0.8839,0.92892,0.95337,1.14739,0.92892,1.10473,0.28782,1.29029,0.85142,0.90878,0.95957,0.859,0.41623,0.95957,0.49718,0.57435,0.49718,0.49718,0.41084,0.43126,0.23695,0.35747,0.41623,0.41623,1.26449,0.72209,0.80145,0.53837,0.48081,0.66511,0.63476,0.67267,1.14131,1.52176,1.62311,1.62311,1.62311,1.49326,1.67808,1.59098,0.86231,1.05092,0.6771,1.78843,0.35747,0.75192
Parking Canseleri,1.036,1.02279,1.10865,1.65945,1.8903,1.59228,1.12232,1.6236,1.41564,1.61667,1.62541,1.87524,1.56233,1.1577,1.35744,1.57956,1.74587,1.75833,2.21294,0.48896,1.46993,2.48001,2.11429,1.25748,1.84846,1.42937,0,0.13479,1.19944,1.26587,1.6876,1.64022,1.61667,1.45674,1.44022,1.1872,1.45674,1.15026,1.71719,1.49956,1.46216,1.51953,1.57031,1.46974,1.35792,1.57031,1.67219,1.74937,1.67219,1.67219,1.58586,1.60628,1.38121,1.19438,1.35792,1.35792,1.87524,1.57996,1.82195,1.71339,1.65583,1.84013,1.91461,1.95252,2.42116,2.55939,2.48617,2.48617,2.48617,2.35632,2.06468,1.98645,1.39012,2.33077,1.31774,2.1778,1.19438,1.92694
Canseleri Tuanku Syed Sirajuddin,0.93478,0.92158,1.00743,1.55824,1.78908,1.49106,1.0211,1.52239,1.31442,1.51545,1.5242,1.77402,1.46112,1.05649,1.25623,1.47834,1.64465,1.65711,2.11173,0.38774,1.36872,2.37879,2.01308,1.15626,1.74725,1.32815,0.13479,0,1.09822,1.16465,1.58639,1.539,1.51545,1.35552,1.339,1.08598,1.35552,1.04905,1.61597,1.39834,1.36094,1.41831,1.46909,1.36852,1.2567,1.46909,1.57098,1.64815,1.57098,1.57098,1.48465,1.50506,1.27999,1.09316,1.2567,1.2567,1.77402,1.47874,1.72073,1.61217,1.55461,1.73891,1.8134,1.85131,2.31995,2.45817,2.38495,2.38495,2.38495,2.2551,1.96346,1.88523,1.28891,2.22956,1.21652,2.07658,1.09316,1.82572
Kompleks Kejuruteraan Elektrikal,0.41304,0.4171,0.27758,0.66286,0.87236,1.70618,1.60127,1.73751,0.80995,0.92705,0.9358,2.35418,1.84554,0.55201,0.6174,0.58756,0.72793,0.74039,1.19501,0.9679,0.55673,1.46208,1.09636,0.65179,1.81452,1.51495,1.19944,1.09822,0,0.24793,0.99799,1.29776,0.92705,0.71926,0.59883,0.58151,0.71926,0.54457,1.80277,0.48162,1.94111,1.99848,2.04926,1.94869,1.70516,2.04926,1.7861,1.86328,1.7861,1.7861,1.69977,1.72018,1.52588,1.6464,1.70516,1.70516,2.35418,1.86316,1.94252,1.67944,1.62188,1.80618,1.57215,1.61006,1.61964,1.54145,1.46823,1.46823,1.46823,1.33839,1.04674,0.96851,0.65265,1.75493,1.79669,1.15986,1.6464,1.79621
Fakulti Kejuruteraan Kimia,0.47382,0.49583,0.35631,0.68567,0.89517,1.72899,1.6677,1.76032,0.88867,0.94986,0.9586,2.42062,1.86834,0.63074,0.6402,0.61037,0.75074,0.7632,1.21782,1.03434,0.57953,1.48488,1.11916,0.73051,1.83732,1.53776,1.26587,1.16465,0.24793,0,1.02079,1.32056,0.94986,0.74207,0.62163,0.66024,0.74207,0.6233,1.82558,0.50214,2.00754,2.06491,2.11569,2.01512,1.72796,2.11569,1.80891,1.88608,1.80891,1.80891,1.72258,1.74299,1.54869,1.6692,1.72796,1.72796,2.42062,1.88596,1.96532,1.70225,1.64469,1.82898,1.59496,1.63287,1.64245,1.56426,1.49104,1.49104,1.49104,1.36119,1.06955,0.99132,0.67545,1.77774,1.86312,1.18267,1.6692,1.81902
Kompleks Sukan UiTM Shah Alam,0.99517,0.73892,0.99112,0.6826,0.97786,1.19134,1.30244,1.22267,0.85886,0.41221,0.42095,2.11509,1.33069,0.65282,0.38059,0.56754,0.8423,0.85476,1.30662,1.45607,0.4785,1.57368,1.20186,0.7007,1.29967,1.00011,1.6876,1.58639,0.99799,1.02079,0,0.78291,0.41221,0.41195,0.4364,0.63042,0.41195,0.58777,1.28793,0.77332,1.572,1.62936,1.81016,1.70959,1.19031,1.81016,1.27126,1.34843,1.27126,1.27126,1.18493,1.20534,1.01104,1.13155,1.19031,1.19031,2.11509,1.34831,1.42767,1.1646,1.10704,1.29133,1.05731,1.09522,1.56386,1.65306,1.57984,1.57984,1.57984,1.44999,1.16112,1.07402,0.34534,1.47346,1.52769,1.27147,1.13155,1.28136
Kolej Perindu,1.29494,1.03869,1.2909,0.98237,1.27764,0.41638,0.6627,0.44771,1.15863,0.66671,0.36196,1.46444,0.54778,0.95259,0.68036,0.86731,1.14208,1.15453,1.36359,1.19253,0.77827,1.25659,1.50163,1.00047,0.51676,0.36037,1.64022,1.539,1.29776,1.32056,0.78291,0,0.66671,0.71172,0.73617,0.93019,0.71172,0.88754,0.64819,1.0731,0.78909,0.84645,1.17042,1.06985,0.55057,1.17042,0.4963,0.57348,0.4963,0.4963,0.40997,0.43038,0.3713,0.49181,0.55057,0.55057,1.46444,0.5654,0.64476,0.38168,0.32412,0.50842,0.27439,0.3123,0.78094,1.1614,1.26274,1.26274,1.26274,1.1329,1.46089,1.37379,0.64511,0.69055,0.88795,1.47927,0.49181,0.49845
Pusat Kokurikulum,0.92423,0.66798,0.92019,0.61166,0.90693,1.07514,1.18624,1.10646,0.78792,0,0.30475,1.99888,1.21449,0.58188,0.30965,0.4966,0.77137,0.78383,1.23568,1.38513,0.40757,1.50275,1.13092,0.62976,1.18347,0.8839,1.61667,1.51545,0.92705,0.94986,0.41221,0.66671,0,0.34101,0.36547,0.55949,0.34101,0.51683,1.17172,0.70239,1.4558,1.51316,1.69396,1.59339,1.07411,1.69396,1.15505,1.23223,1.15505,1.15505,1.06872,1.08914,0.89483,1.01535,1.07411,1.07411,1.99889,1.23211,1.31147,1.04839,0.99083,1.17513,0.9411,0.97901,1.44765,1.58212,1.5089,1.5089,1.5089,1.37906,1.09018,1.00308,0.2744,1.35726,1.41149,1.20053,1.01535,1.16516
Ibu Pejabat Polis Bantuan UiTM,0.7643,0.50805,0.76026,0.40387,0.7267,1.12015,1.23125,1.15148,0.62799,0.34101,0.34976,2.0439,1.2595,0.42195,0.10186,0.31638,0.59114,0.6036,1.05546,1.2252,0.21435,1.32252,0.9507,0.46983,1.22848,0.92892,1.45674,1.35552,0.71926,0.74207,0.41195,0.71172,0.34101,0,0.18464,0.39955,0,0.30904,1.21674,0.4946,1.50081,1.55817,1.73897,1.6384,1.11912,1.73897,1.20007,1.27724,1.20007,1.20007,1.11374,1.13415,0.93985,1.06036,1.11912,1.11912,2.0439,1.27712,1.35648,1.0934,1.03584,1.22014,0.98612,1.02402,1.48009,1.4019,1.32868,1.32868,1.32868,1.19883,0.90996,0.82286,0.06661,1.40227,1.4565,1.02031,1.06036,1.21017
Kolej Teratai 2,0.74778,0.49153,0.7072,0.28344,0.54967,1.1446,1.2557,1.17593,0.65244,0.36547,0.37421,2.06835,1.28395,0.40543,0.08277,0.13934,0.41411,0.42657,0.87842,1.20868,0.0421,1.14549,0.77366,0.49428,1.25293,0.95337,1.44022,1.339,0.59883,0.62163,0.4364,0.73617,0.36547,0.18464,0,0.42401,0.18464,0.28995,1.24119,0.37416,1.52526,1.58263,1.76342,1.66285,1.14357,1.76342,1.22452,1.3017,1.22452,1.22452,1.13819,1.1586,0.9643,1.08482,1.14357,1.14357,2.06835,1.30158,1.38093,1.11786,1.0603,1.24459,1.01057,1.04848,1.30306,1.22486,1.15164,1.15164,1.15164,1.0218,0.73292,0.64582,0.11802,1.42673,1.48095,0.84327,1.08482,1.23463
Kolej Teratai,0.49476,0.23852,0.49072,0.65417,0.96547,1.33862,1.44972,1.36995,0.22844,0.55949,0.56823,2.26237,1.47797,0.15242,0.35216,0.55514,0.82991,0.84237,1.29422,0.95567,0.46465,1.56129,1.18946,0.07028,1.44695,1.14739,1.1872,1.08598,0.58151,0.66024,0.63042,0.93019,0.55949,0.39955,0.42401,0,0.39955,0.14498,1.43521,0.74489,1.71928,1.77664,1.95744,1.85687,1.33759,1.95744,1.41854,1.49571,1.41854,1.41854,1.33221,1.35262,1.15832,1.27883,1.33759,1.33759,2.26237,1.49559,1.57495,1.31188,1.25432,1.43861,1.20459,1.2425,1.71114,1.64066,1.56744,1.56744,1.56744,1.4376,1.14872,1.06162,0.33294,1.62074,1.67497,1.25907,1.27883,1.42864
Kolej Teratai 3,0.7643,0.50805,0.76026,0.40387,0.7267,1.12015,1.23125,1.15148,0.62799,0.34101,0.34976,2.0439,1.2595,0.42195,0.10186,0.31638,0.59114,0.6036,1.05546,1.2252,0.21435,1.32252,0.9507,0.46983,1.22848,0.92892,1.45674,1.35552,0.71926,0.74207,0.41195,0.71172,0.34101,0,0.18464,0.39955,0,0.30904,1.21674,0.4946,1.50081,1.55817,1.73897,1.6384,1.11912,1.73897,1.20007,1.27724,1.20007,1.20007,1.11374,1.13415,0.93985,1.06036,1.11912,1.11912,2.0439,1.27712,1.35648,1.0934,1.03584,1.22014,0.98612,1.02402,1.48009,1.4019,1.32868,1.32868,1.32868,1.19883,0.90996,0.82286,0.06661,1.40227,1.4565,1.02031,1.06036,1.21017
Kolej Delima 2 (PB),0.45783,0.20158,0.45379,0.50919,0.83962,1.29596,1.40707,1.32729,0.37341,0.51683,0.52558,2.21971,1.43532,0.11548,0.20718,0.42929,0.70406,0.71652,1.16837,0.91873,0.31967,1.43544,1.06361,0.21526,1.4043,1.10473,1.15026,1.04905,0.54457,0.6233,0.58777,0.88754,0.51683,0.30904,0.28995,0.14498,0.30904,0,1.39255,0.59991,1.67662,1.73399,1.91479,1.81422,1.29494,1.91479,1.37588,1.45306,1.37588,1.37588,1.28955,1.30996,1.11566,1.23618,1.29494,1.29494,2.21971,1.45294,1.5323,1.26922,1.21166,1.39596,1.16193,1.19984,1.59301,1.51481,1.4416,1.4416,1.4416,1.31175,1.02287,0.93577,0.24243,1.57809,1.63232,1.13322,1.23618,1.38599
UiTM Facilities Center,1.79995,1.5437,1.79591,1.48739,1.78265,0.70508,0.73967,0.73641,1.66364,1.17172,0.86698,1.55231,0.99229,1.45761,1.18538,1.37232,1.64709,1.65955,2.01178,1.2695,1.28329,1.90477,2.00664,1.50549,0.96127,0.28782,1.71719,1.61597,1.80277,1.82558,1.28793,0.64819,1.17172,1.21674,1.24119,1.43521,1.21674,1.39255,0,1.57811,1.13924,1.1966,1.24739,1.14682,0.70405,1.24739,0.78499,0.86217,0.78499,0.78499,0.69866,0.71908,0.52478,0.64529,0.70405,0.70405,1.55231,1.00991,1.08927,0.82619,0.76863,0.95293,0.92258,0.96049,1.42913,1.80958,1.91093,1.91093,1.91093,1.78108,1.9659,1.8788,1.15012,1.33874,0.96492,2.07625,0.64529,1.03974
Faculty of Civil Engineering,0.70751,0.72952,0.59,0.4382,0.58912,1.48152,1.59263,1.51285,0.97333,0.70239,0.71113,2.40527,1.62087,0.71539,0.39273,0.30431,0.44468,0.45714,0.91176,1.26803,0.33206,1.17883,0.81311,0.81517,1.58985,1.29029,1.49956,1.39834,0.48162,0.50214,0.77332,1.0731,0.70239,0.4946,0.37416,0.74489,0.4946,0.59991,1.57811,0,1.86218,1.91955,2.10034,1.99977,1.48049,2.10034,1.56144,1.63861,1.56144,1.56144,1.47511,1.49552,1.30122,1.42174,1.48049,1.48049,2.40527,1.6385,1.71785,1.45478,1.39722,1.58151,1.34749,1.3854,1.3364,1.2582,1.18498,1.18498,1.18498,1.05514,0.7635,0.68527,0.42798,1.47168,1.81787,0.87661,1.42174,1.57155
Dewan Sri Budiman,1.77767,1.76447,1.85032,1.77146,2.06672,0.66718,0.55404,0.69851,1.94771,1.4558,1.15105,0.81649,0.24131,1.74168,1.46945,1.6564,1.93116,1.94362,2.15268,1.01447,1.56736,2.04567,2.29072,1.78956,0.54248,0.85142,1.46216,1.36094,1.94111,2.00754,1.572,0.78909,1.4558,1.50081,1.52526,1.71928,1.50081,1.67662,1.13924,1.86218,0,0.05736,0.55413,0.45356,0.78142,0.55413,0.7471,0.82427,0.7471,0.7471,0.66077,0.68118,0.80471,0.61788,0.78142,0.78142,0.81649,0.25893,0.50092,0.4074,0.46496,0.64926,1.06348,1.10139,1.57003,1.95048,2.05183,2.05183,2.05183,1.92198,2.24998,2.16287,1.4342,1.47964,0.64046,2.26836,0.61788,0.84602
Dewan Annexe,1.83504,1.82183,1.90769,1.82882,2.12409,0.72454,0.6114,0.75587,2.00508,1.51316,1.20841,0.87386,0.29867,1.79904,1.52681,1.71376,1.98853,2.00099,2.21004,1.07183,1.62473,2.10304,2.34808,1.84692,0.59984,0.90878,1.51953,1.41831,1.99848,2.06491,1.62936,0.84645,1.51316,1.55817,1.58263,1.77664,1.55817,1.73399,1.1966,1.91955,0.05736,0,0.61149,0.51092,0.83878,0.61149,0.80446,0.88164,0.80446,0.80446,0.71813,0.73854,0.86207,0.67524,0.83878,0.83878,0.87386,0.31629,0.55828,0.46477,0.52233,0.70663,1.12084,1.15875,1.62739,2.00785,2.10919,2.10919,2.10919,1.97935,2.30734,2.22024,1.49156,1.537,0.69782,2.32572,0.67524,0.90339
Menara Sultan Abdul Aziz Shah,1.88582,1.87262,1.95847,2.00962,2.30489,1.08017,0.66219,1.1115,2.18588,1.69396,1.38921,0.9672,0.6543,1.97984,1.70761,1.89456,2.16933,2.18178,2.53401,1.12262,1.80552,2.42701,2.52888,2.02772,0.95547,0.95957,1.57031,1.46909,2.04926,2.11569,1.81016,1.17042,1.69396,1.73897,1.76342,1.95744,1.73897,1.91479,1.24739,2.10034,0.55413,0.61149,0,0.24858,0.88957,0,1.16009,1.23727,1.16009,1.16009,1.07376,1.09417,0.91286,0.72602,0.88957,0.88957,0.9672,0.67192,0.91391,0.8204,0.87796,1.06225,1.44481,1.48272,1.95136,2.33182,2.43316,2.43316,2.43316,2.30332,2.48814,2.40104,1.67236,1.86097,0.74861,2.59849,0.72602,1.25902
Bahagian Pembangunan Organisasi,1.78525,1.77204,1.8579,1.90905,2.20431,0.9796,0.56162,1.01093,2.08531,1.59339,1.28864,0.86663,0.55373,1.87927,1.60704,1.79399,2.06875,2.08121,2.43344,1.02205,1.70495,2.32644,2.42831,1.92715,0.8549,0.859,1.46974,1.36852,1.94869,2.01512,1.70959,1.06985,1.59339,1.6384,1.66285,1.85687,1.6384,1.81422,1.14682,1.99977,0.45356,0.51092,0.24858,0,0.78899,0.24858,1.05952,1.13669,1.05952,1.05952,0.97319,0.9936,0.81229,0.62545,0.78899,0.78899,0.86663,0.57135,0.81334,0.71982,0.77739,0.96168,1.34424,1.38215,1.85079,2.23125,2.33259,2.33259,2.33259,2.20275,2.38757,2.30046,1.57179,1.7604,0.64803,2.49792,0.62545,1.15844
Jabatan Sain Ukur dan Geomatik,1.67343,1.44609,1.6983,1.38977,1.68504,0.45666,0.38767,0.48799,1.56603,1.07411,0.76936,1.19449,0.74387,1.35999,1.08776,1.27471,1.54948,1.56193,1.91416,0.91023,1.18567,1.80716,1.90903,1.40787,0.71285,0.41623,1.35792,1.2567,1.70516,1.72796,1.19031,0.55057,1.07411,1.11912,1.14357,1.33759,1.11912,1.29494,0.70405,1.48049,0.78142,0.83878,0.88957,0.78899,0,0.88957,0.53658,0.61375,0.53658,0.53658,0.45025,0.47066,0.24559,0.16354,0,0,1.19449,0.76149,0.84085,0.57777,0.52021,0.70451,0.82496,0.86287,1.33151,1.71197,1.81331,1.81331,1.81331,1.68347,1.86829,1.78119,1.05251,1.24112,0.6071,1.97864,0.16354,0.79132
DKB,1.88582,1.87262,1.95847,2.00962,2.30489,1.08017,0.66219,1.1115,2.18588,1.69396,1.38921,0.9672,0.6543,1.97984,1.70761,1.89456,2.16933,2.18178,2.53401,1.12262,1.80552,2.42701,2.52888,2.02772,0.95547,0.95957,1.57031,1.46909,2.04926,2.11569,1.81016,1.17042,1.69396,1.73897,1.76342,1.95744,1.73897,1.91479,1.24739,2.10034,0.55413,0.61149,0,0.24858,0.88957,0,1.16009,1.23727,1.16009,1.16009,1.07376,1.09417,0.91286,0.72602,0.88957,0.88957,0.9672,0.67192,0.91391,0.8204,0.87796,1.06225,1.44481,1.48272,1.95136,2.33182,2.43316,2.43316,2.43316,2.30332,2.48814,2.40104,1.67236,1.86097,0.74861,2.59849,0.72602,1.25902
Block A Faculty of Applied Science,1.78328,1.52703,1.77924,1.47071,1.76598,0.07992,0.69939,0.04859,1.64697,1.15505,0.85031,1.42245,0.50579,1.44093,1.1687,1.35565,1.63042,1.64288,1.85989,1.2245,1.26662,1.75289,1.98997,1.48881,0.47477,0.49718,1.67219,1.57098,1.7861,1.80891,1.27126,0.4963,1.15505,1.20007,1.22452,1.41854,1.20007,1.37588,0.78499,1.56144,0.7471,0.80446,1.16009,1.05952,0.53658,1.16009,0,0.32524,0,0,0.11355,0.09392,0.3573,0.47782,0.53658,0.53658,1.42245,0.52341,0.60277,0.33969,0.28213,0.46643,0.7707,0.8086,1.27724,1.6577,1.75905,1.75905,1.75905,1.6292,1.94923,1.86213,1.13345,1.18685,0.92137,1.97557,0.47782,0.55324
Block A Faculty Of Applied Sciences,1.86046,1.60421,1.85642,1.54789,1.84316,0.24532,0.77656,0.27665,1.72415,1.23223,0.92748,1.49963,0.58297,1.51811,1.24588,1.43283,1.7076,1.72005,1.93707,1.30168,1.34379,1.83007,2.06715,1.56599,0.55194,0.57435,1.74937,1.64815,1.86328,1.88608,1.34843,0.57348,1.23223,1.27724,1.3017,1.49571,1.27724,1.45306,0.86217,1.63861,0.82427,0.88164,1.23727,1.13669,0.61375,1.23727,0.32524,0,0.32524,0.32524,0.2389,0.25932,0.43448,0.55499,0.61375,0.61375,1.49963,0.60059,0.67994,0.41687,0.35931,0.54361,0.84787,0.88578,1.35442,1.73488,1.83622,1.83622,1.83622,1.70638,2.02641,1.93931,1.21063,1.26403,0.99855,2.05275,0.55499,0.63042
DK Beta,1.78328,1.52703,1.77924,1.47071,1.76598,0.07992,0.69939,0.04859,1.64697,1.15505,0.85031,1.42245,0.50579,1.44093,1.1687,1.35565,1.63042,1.64288,1.85989,1.2245,1.26662,1.75289,1.98997,1.48881,0.47477,0.49718,1.67219,1.57098,1.7861,1.80891,1.27126,0.4963,1.15505,1.20007,1.22452,1.41854,1.20007,1.37588,0.78499,1.56144,0.7471,0.80446,1.16009,1.05952,0.53658,1.16009,0,0.32524,0,0,0.11355,0.09392,0.3573,0.47782,0.53658,0.53658,1.42245,0.52341,0.60277,0.33969,0.28213,0.46643,0.7707,0.8086,1.27724,1.6577,1.75905,1.75905,1.75905,1.6292,1.94923,1.86213,1.13345,1.18685,0.92137,1.97557,0.47782,0.55324
DK Alfa,1.78328,1.52703,1.77924,1.47071,1.76598,0.07992,0.69939,0.04859,1.64697,1.15505,0.85031,1.42245,0.50579,1.44093,1.1687,1.35565,1.63042,1.64288,1.85989,1.2245,1.26662,1.75289,1.98997,1.48881,0.47477,0.49718,1.67219,1.57098,1.7861,1.80891,1.27126,0.4963,1.15505,1.20007,1.22452,1.41854,1.20007,1.37588,0.78499,1.56144,0.7471,0.80446,1.16009,1.05952,0.53658,1.16009,0,0.32524,0,0,0.11355,0.09392,0.3573,0.47782,0.53658,0.53658,1.42245,0.52341,0.60277,0.33969,0.28213,0.46643,0.7707,0.8086,1.27724,1.6577,1.75905,1.75905,1.75905,1.6292,1.94923,1.86213,1.13345,1.18685,0.92137,1.97557,0.47782,0.55324
DK Delta,1.69695,1.4407,1.69291,1.38438,1.67965,0.03363,0.61306,0.06496,1.56064,1.06872,0.76398,1.33612,0.41946,1.3546,1.08237,1.26932,1.54409,1.55655,1.77356,1.13817,1.18029,1.66656,1.90364,1.40248,0.38844,0.41084,1.58586,1.48465,1.69977,1.72258,1.18493,0.40997,1.06872,1.11374,1.13819,1.33221,1.11374,1.28955,0.69866,1.47511,0.66077,0.71813,1.07376,0.97319,0.45025,1.07376,0.11355,0.2389,0.11355,0.11355,0,0.04763,0.27097,0.39149,0.45025,0.45025,1.33612,0.43708,0.51644,0.25336,0.1958,0.3801,0.68436,0.72227,1.19091,1.57137,1.67272,1.67272,1.67272,1.54287,1.8629,1.7758,1.04712,1.10052,0.83504,1.88924,0.39149,0.46691
DK Gamma & DK Bestari,1.71736,1.46111,1.71332,1.4048,1.70006,0.014,0.63347,0.04533,1.58105,1.08914,0.78439,1.35654,0.43987,1.37502,1.10279,1.28973,1.5645,1.57696,1.79398,1.15858,1.2007,1.68697,1.92405,1.4229,0.40885,0.43126,1.60628,1.50506,1.72018,1.74299,1.20534,0.43038,1.08914,1.13415,1.1586,1.35262,1.13415,1.30996,0.71908,1.49552,0.68118,0.73854,1.09417,0.9936,0.47066,1.09417,0.09392,0.25932,0.09392,0.09392,0.04763,0,0.29138,0.4119,0.47066,0.47066,1.35654,0.45749,0.53685,0.27378,0.21621,0.40051,0.70478,0.74269,1.21133,1.59178,1.69313,1.69313,1.69313,1.56328,1.88331,1.79621,1.06754,1.12094,0.85545,1.90965,0.4119,0.48732
Block F Faculty Of Applied Sciences,1.52306,1.26681,1.51902,1.21049,1.50576,0.27738,0.41096,0.30871,1.38675,0.89483,0.59009,1.21778,0.56459,1.18072,0.90848,1.09543,1.3702,1.38266,1.73489,0.93352,1.0064,1.62788,1.72975,1.22859,0.53357,0.23695,1.38121,1.27999,1.52588,1.54869,1.01104,0.3713,0.89483,0.93985,0.9643,1.15832,0.93985,1.11566,0.52478,1.30122,0.80471,0.86207,0.91286,0.81229,0.24559,0.91286,0.3573,0.43448,0.3573,0.3573,0.27097,0.29138,0,0.18683,0.24559,0.24559,1.21778,0.58221,0.66157,0.3985,0.34094,0.52523,0.64569,0.6836,1.15224,1.53269,1.63404,1.63404,1.63404,1.50419,1.68901,1.60191,0.87323,1.06185,0.63039,1.79936,0.18683,0.61204
irmi,1.50989,1.38733,1.58254,1.33101,1.62628,0.3979,0.22412,0.42923,1.50727,1.01535,0.7106,1.03095,0.68511,1.30123,1.029,1.21595,1.49072,1.50317,1.8554,0.74668,1.12691,1.7484,1.85027,1.34911,0.65409,0.35747,1.19438,1.09316,1.6464,1.6692,1.13155,0.49181,1.01535,1.06036,1.08482,1.27883,1.06036,1.23618,0.64529,1.42174,0.61788,0.67524,0.72602,0.62545,0.16354,0.72602,0.47782,0.55499,0.47782,0.47782,0.39149,0.4119,0.18683,0,0.16354,0.16354,1.03095,0.70273,0.78209,0.51901,0.46145,0.64575,0.7662,0.80411,1.27275,1.65321,1.75456,1.75456,1.75456,1.62471,1.80953,1.72243,0.99375,1.18236,0.44356,1.91988,0,0.73256
Malaysian Institut Transport,1.67343,1.44609,1.6983,1.38977,1.68504,0.45666,0.38767,0.48799,1.56603,1.07411,0.76936,1.19449,0.74387,1.35999,1.08776,1.27471,1.54948,1.56193,1.91416,0.91023,1.18567,1.80716,1.90903,1.40787,0.71285,0.41623,1.35792,1.2567,1.70516,1.72796,1.19031,0.55057,1.07411,1.11912,1.14357,1.33759,1.11912,1.29494,0.70405,1.48049,0.78142,0.83878,0.88957,0.78899,0,0.88957,0.53658,0.61375,0.53658,0.53658,0.45025,0.47066,0.24559,0.16354,0,0,1.19449,0.76149,0.84085,0.57777,0.52021,0.70451,0.82496,0.86287,1.33151,1.71197,1.81331,1.81331,1.81331,1.68347,1.86829,1.78119,1.05251,1.24112,0.6071,1.97864,0.16354,0.79132
MITRAN,1.67343,1.44609,1.6983,1.38977,1.68504,0.45666,0.38767,0.48799,1.56603,1.07411,0.76936,1.19449,0.74387,1.35999,1.08776,1.27471,1.54948,1.56193,1.91416,0.91023,1.18567,1.80716,1.90903,1.40787,0.71285,0.41623,1.35792,1.2567,1.70516,1.72796,1.19031,0.55057,1.07411,1.11912,1.14357,1.33759,1.11912,1.29494,0.70405,1.48049,0.78142,0.83878,0.88957,0.78899,0,0.88957,0.53658,0.61375,0.53658,0.53658,0.45025,0.47066,0.24559,0.16354,0,0,1.19449,0.76149,0.84085,0.57777,0.52021,0.70451,0.82496,0.86287,1.33151,1.71197,1.81331,1.81331,1.81331,1.68347,1.86829,1.78119,1.05251,1.24112,0.6071,1.97864,0.16354,0.79132
National Design Centre,2.19075,2.17754,2.2634,2.31455,2.60981,1.34254,0.96711,1.37386,2.4908,1.99889,1.69414,0,0.91666,2.28477,2.01254,2.19948,2.47425,2.48671,2.82804,1.42754,2.11045,2.72103,2.8338,2.33265,1.21784,1.26449,1.87524,1.77402,2.35418,2.42062,2.11509,1.46444,1.99889,2.0439,2.06835,2.26237,2.0439,2.21971,1.55231,2.40527,0.81649,0.87386,0.9672,0.86663,1.19449,0.9672,1.42245,1.49963,1.42245,1.42245,1.33612,1.35654,1.21778,1.03095,1.19449,1.19449,0,0.93429,1.17628,1.08276,1.14032,1.32462,1.73884,1.77675,2.24539,2.62584,2.72719,2.72719,2.72719,2.59734,2.79306,2.70596,1.97729,2.155,1.05353,2.90342,1.03095,1.52138
Budisiswa,1.86034,1.60409,1.8563,1.54777,1.84304,0.44349,0.67183,0.47482,1.72403,1.23211,0.92736,0.93429,0.01762,1.51799,1.24576,1.43271,1.70748,1.71993,1.92899,1.13226,1.34367,1.82199,2.06703,1.56587,0.31879,0.72209,1.57996,1.47874,1.86316,1.88596,1.34831,0.5654,1.23211,1.27712,1.30158,1.49559,1.27712,1.45294,1.00991,1.6385,0.25893,0.31629,0.67192,0.57135,0.76149,0.67192,0.52341,0.60059,0.52341,0.52341,0.43708,0.45749,0.58221,0.70273,0.76149,0.76149,0.93429,0,0.27723,0.18372,0.24128,0.42558,0.83979,0.8777,1.34634,1.7268,1.82814,1.82814,1.82814,1.6983,2.02629,1.93919,1.21051,1.25595,0.75825,2.04467,0.70273,0.62234
Bangunan HEP,1.9397,1.68345,1.93565,1.62713,1.92239,0.52285,0.91382,0.55418,1.80339,1.31147,1.00672,1.17628,0.25961,1.59735,1.32512,1.51207,1.78683,1.79929,2.00835,1.37426,1.42303,1.90134,2.14639,1.64523,0.39815,0.80145,1.82195,1.72073,1.94252,1.96532,1.42767,0.64476,1.31147,1.35648,1.38093,1.57495,1.35648,1.5323,1.08927,1.71785,0.50092,0.55828,0.91391,0.81334,0.84085,0.91391,0.60277,0.67994,0.60277,0.60277,0.51644,0.53685,0.66157,0.78209,0.84085,0.84085,1.17628,0.27723,0,0.26307,0.32064,0.50493,0.91915,0.95706,1.4257,1.80615,1.9075,1.9075,1.9075,1.77765,2.10565,2.01854,1.28987,1.33531,1.00024,2.12403,0.78209,0.70169
Faculty of Business,1.67662,1.42037,1.67258,1.36405,1.65932,0.25977,0.74058,0.2911,1.54031,1.04839,0.74365,1.08276,0.1661,1.33428,1.06204,1.24899,1.52376,1.53622,1.74528,1.2657,1.15996,1.63827,1.88331,1.38215,0.13508,0.53837,1.71339,1.61217,1.67944,1.70225,1.1646,0.38168,1.04839,1.0934,1.11786,1.31188,1.0934,1.26922,0.82619,1.45478,0.4074,0.46477,0.8204,0.71982,0.57777,0.8204,0.33969,0.41687,0.33969,0.33969,0.25336,0.27378,0.3985,0.51901,0.57777,0.57777,1.08276,0.18372,0.26307,0,0.05756,0.24186,0.65608,0.69398,1.16263,1.54308,1.64443,1.64443,1.64443,1.51458,1.84257,1.75547,1.02679,1.07223,0.90673,1.86095,0.51901,0.43862
"Instititut Leadership, Quality",1.61906,1.36281,1.61502,1.30649,1.60176,0.20221,0.68302,0.23354,1.48275,0.99083,0.68608,1.14032,0.22366,1.27671,1.00448,1.19143,1.4662,1.47866,1.68772,1.20814,1.1024,1.58071,1.82575,1.32459,0.19264,0.48081,1.65583,1.55461,1.62188,1.64469,1.10704,0.32412,0.99083,1.03584,1.0603,1.25432,1.03584,1.21166,0.76863,1.39722,0.46496,0.52233,0.87796,0.77739,0.52021,0.87796,0.28213,0.35931,0.28213,0.28213,0.1958,0.21621,0.34094,0.46145,0.52021,0.52021,1.14032,0.24128,0.32064,0.05756,0,0.1843,0.59852,0.63642,1.10506,1.48552,1.58687,1.58687,1.58687,1.45702,1.78501,1.69791,0.96923,1.01467,0.90501,1.80339,0.46145,0.38106
Ayub Arshad Graduate Business School,1.80336,1.54711,1.79932,1.49079,1.78606,0.38651,0.86732,0.41784,1.66705,1.17513,0.87038,1.32462,0.40795,1.46101,1.18878,1.37573,1.6505,1.66295,1.87201,1.39244,1.28669,1.76501,2.01005,1.50889,0.37693,0.66511,1.84013,1.73891,1.80618,1.82898,1.29133,0.50842,1.17513,1.22014,1.24459,1.43861,1.22014,1.39596,0.95293,1.58151,0.64926,0.70663,1.06225,0.96168,0.70451,1.06225,0.46643,0.54361,0.46643,0.46643,0.3801,0.40051,0.52523,0.64575,0.70451,0.70451,1.32462,0.42558,0.50493,0.24186,0.1843,0,0.78281,0.82072,1.28936,1.66982,1.77116,1.77116,1.77116,1.64132,1.96931,1.88221,1.15353,1.19897,1.0893,1.98769,0.64575,0.56536
Gym Sport Recreation,1.56933,1.31308,1.56529,1.25676,1.49373,0.69078,0.9371,0.72211,1.43302,0.9411,0.63636,1.73884,0.82217,1.22699,0.95475,1.1417,1.41647,1.42893,1.0892,1.46692,1.05267,0.98219,1.34513,1.27486,0.79115,0.63476,1.91461,1.8134,1.57215,1.59496,1.05731,0.27439,0.9411,0.98612,1.01057,1.20459,0.98612,1.16193,0.92258,1.34749,1.06348,1.12084,1.44481,1.34424,0.82496,1.44481,0.7707,0.84787,0.7707,0.7707,0.68436,0.70478,0.64569,0.7662,0.82496,0.82496,1.73884,0.83979,0.91915,0.65608,0.59852,0.78281,0,0.26571,0.50655,0.887,0.98835,0.98835,0.98835,0.85851,1.27934,1.21729,0.9195,0.41616,1.16234,1.20488,0.7662,0.30387
Dewan Agung Tuanku Canselor,1.60724,1.35099,1.6032,1.29467,1.58994,0.72869,0.975,0.76002,1.47093,0.97901,0.67426,1.77675,0.86008,1.26489,0.99266,1.17961,1.45438,1.46684,1.35491,1.50483,1.09058,1.2479,1.61084,1.31277,0.82906,0.67267,1.95252,1.85131,1.61006,1.63287,1.09522,0.3123,0.97901,1.02402,1.04848,1.2425,1.02402,1.19984,0.96049,1.3854,1.10139,1.15875,1.48272,1.38215,0.86287,1.48272,0.8086,0.88578,0.8086,0.8086,0.72227,0.74269,0.6836,0.80411,0.86287,0.86287,1.77675,0.8777,0.95706,0.69398,0.63642,0.82072,0.26571,0,0.77226,1.15271,1.25406,1.25406,1.25406,1.12421,1.54505,1.483,0.95741,0.68186,1.20025,1.47058,0.80411,0.56958
MTDC,1.84553,1.79458,1.72802,1.43993,0.98718,1.19733,1.44364,1.22866,1.93957,1.44765,1.1429,2.24539,1.32872,1.70849,1.38583,1.22899,0.93963,1.16314,0.58265,1.97347,1.27337,0.47564,0.83858,1.78141,1.2977,1.14131,2.42116,2.31995,1.61964,1.64245,1.56386,0.78094,1.44765,1.48009,1.30306,1.71114,1.48009,1.59301,1.42913,1.3364,1.57003,1.62739,1.95136,1.85079,1.33151,1.95136,1.27724,1.35442,1.27724,1.27724,1.19091,1.21133,1.15224,1.27275,1.33151,1.33151,2.24539,1.34634,1.4257,1.16263,1.10506,1.28936,0.50655,0.77226,0,0.38046,0.4818,0.4818,0.4818,0.35196,0.77279,0.71074,1.41348,0.13528,1.66889,0.69833,1.27275,0.81042
Surau FSPU,1.76734,1.71639,1.64982,1.36174,0.90899,1.57778,1.8241,1.60911,1.8691,1.58212,1.52336,2.62584,1.70918,1.63029,1.30764,1.1508,0.86143,1.08495,0.50446,2.32785,1.19518,0.42726,0.76039,1.71094,1.67816,1.52176,2.55939,2.45817,1.54145,1.56426,1.65306,1.1614,1.58212,1.4019,1.22486,1.64066,1.4019,1.51481,1.80958,1.2582,1.95048,2.00785,2.33182,2.23125,1.71197,2.33182,1.6577,1.73488,1.6577,1.6577,1.57137,1.59178,1.53269,1.65321,1.71197,1.71197,2.62584,1.7268,1.80615,1.54308,1.48552,1.66982,0.887,1.15271,0.38046,0,0.43341,0.43341,0.43341,0.30357,0.6946,0.63255,1.33529,0.51574,2.04935,0.62013,1.65321,1.19087
AB1,1.69412,1.64317,1.5766,1.28852,0.83577,1.67913,1.92545,1.71046,1.79588,1.5089,1.51765,2.72719,1.81052,1.55707,1.23442,1.07758,0.78821,1.01173,0.43124,2.25463,1.12196,0.14329,0.68717,1.63772,1.7795,1.62311,2.48617,2.38495,1.46823,1.49104,1.57984,1.26274,1.5089,1.32868,1.15164,1.56744,1.32868,1.4416,1.91093,1.18498,2.05183,2.10919,2.43316,2.33259,1.81331,2.43316,1.75905,1.83622,1.75905,1.75905,1.67272,1.69313,1.63404,1.75456,1.81331,1.81331,2.72719,1.82814,1.9075,1.64443,1.58687,1.77116,0.98835,1.25406,0.4818,0.43341,0,0,0,0.12985,0.62138,0.55933,1.26207,0.61709,2.15069,0.54692,1.75456,1.29222
AB3,1.69412,1.64317,1.5766,1.28852,0.83577,1.67913,1.92545,1.71046,1.79588,1.5089,1.51765,2.72719,1.81052,1.55707,1.23442,1.07758,0.78821,1.01173,0.43124,2.25463,1.12196,0.14329,0.68717,1.63772,1.7795,1.62311,2.48617,2.38495,1.46823,1.49104,1.57984,1.26274,1.5089,1.32868,1.15164,1.56744,1.32868,1.4416,1.91093,1.18498,2.05183,2.10919,2.43316,2.33259,1.81331,2.43316,1.75905,1.83622,1.75905,1.75905,1.67272,1.69313,1.63404,1.75456,1.81331,1.81331,2.72719,1.82814,1.9075,1.64443,1.58687,1.77116,0.98835,1.25406,0.4818,0.43341,0,0,0,0.12985,0.62138,0.55933,1.26207,0.61709,2.15069,0.54692,1.75456,1.29222
AB2,1.69412,1.64317,1.5766,1.28852,0.83577,1.67913,1.92545,1.71046,1.79588,1.5089,1.51765,2.72719,1.81052,1.55707,1.23442,1.07758,0.78821,1.01173,0.43124,2.25463,1.12196,0.14329,0.68717,1.63772,1.7795,1.62311,2.48617,2.38495,1.46823,1.49104,1.57984,1.26274,1.5089,1.32868,1.15164,1.56744,1.32868,1.4416,1.91093,1.18498,2.05183,2.10919,2.43316,2.33259,1.81331,2.43316,1.75905,1.83622,1.75905,1.75905,1.67272,1.69313,1.63404,1.75456,1.81331,1.81331,2.72719,1.82814,1.9075,1.64443,1.58687,1.77116,0.98835,1.25406,0.4818,0.43341,0,0,0,0.12985,0.62138,0.55933,1.26207,0.61709,2.15069,0.54692,1.75456,1.29222
Kafeteria Kolej Anggerik,1.56428,1.51333,1.44676,1.15867,0.70592,1.54928,1.7956,1.58061,1.66603,1.37906,1.3878,2.59734,1.68068,1.42723,1.10457,0.94773,0.65837,0.88189,0.30139,2.12479,0.99212,0.12369,0.55733,1.50787,1.64966,1.49326,2.35632,2.2551,1.33839,1.36119,1.44999,1.1329,1.37906,1.19883,1.0218,1.4376,1.19883,1.31175,1.78108,1.05514,1.92198,1.97935,2.30332,2.20275,1.68347,2.30332,1.6292,1.70638,1.6292,1.6292,1.54287,1.56328,1.50419,1.62471,1.68347,1.68347,2.59734,1.6983,1.77765,1.51458,1.45702,1.64132,0.85851,1.12421,0.35196,0.30357,0.12985,0.12985,0.12985,0,0.49153,0.42948,1.13222,0.48724,2.02085,0.41707,1.62471,1.16237
Mamakteria Cafe,1.27264,1.22445,1.15512,0.8698,0.4256,1.86931,1.98042,1.90064,1.37716,1.09018,1.09893,2.79306,2.00867,1.13835,0.8157,0.65885,0.31881,0.59025,0.27578,1.83315,0.70324,0.61522,0.28813,1.219,1.97765,1.67808,2.06468,1.96346,1.04674,1.06955,1.16112,1.46089,1.09018,0.90996,0.73292,1.14872,0.90996,1.02287,1.9659,0.7635,2.24998,2.30734,2.48814,2.38757,1.86829,2.48814,1.94923,2.02641,1.94923,1.94923,1.8629,1.88331,1.68901,1.80953,1.86829,1.86829,2.79306,2.02629,2.10565,1.84257,1.78501,1.96931,1.27934,1.54505,0.77279,0.6946,0.62138,0.62138,0.62138,0.49153,0,0.16028,0.84335,0.90808,2.20567,0.23176,1.80953,1.58321
Pusat Kesihatan UiTM Shah Alam,1.1944,1.13735,1.07689,0.78269,0.32995,1.78221,1.89332,1.81354,1.29005,1.00308,1.01183,2.70596,1.92157,1.05125,0.72859,0.57175,0.29321,0.51673,0.28611,1.75492,0.61614,0.55317,0.14002,1.1319,1.89055,1.59098,1.98645,1.88523,0.96851,0.99132,1.07402,1.37379,1.00308,0.82286,0.64582,1.06162,0.82286,0.93577,1.8788,0.68527,2.16287,2.22024,2.40104,2.30046,1.78119,2.40104,1.86213,1.93931,1.86213,1.86213,1.7758,1.79621,1.60191,1.72243,1.78119,1.78119,2.70596,1.93919,2.01854,1.75547,1.69791,1.88221,1.21729,1.483,0.71074,0.63255,0.55933,0.55933,0.55933,0.42948,0.16028,0,0.75624,0.84603,2.11857,0.25096,1.72243,1.52116
Non Resident Office,0.69769,0.44144,0.69365,0.33726,0.66009,1.05354,1.16464,1.08486,0.56138,0.2744,0.28315,1.97729,1.19289,0.35534,0.03525,0.24977,0.52453,0.53699,0.98884,1.15859,0.14774,1.25591,0.88409,0.40322,1.16187,0.86231,1.39012,1.28891,0.65265,0.67545,0.34534,0.64511,0.2744,0.06661,0.11802,0.33294,0.06661,0.24243,1.15012,0.42798,1.4342,1.49156,1.67236,1.57179,1.05251,1.67236,1.13345,1.21063,1.13345,1.13345,1.04712,1.06754,0.87323,0.99375,1.05251,1.05251,1.97729,1.21051,1.28987,1.02679,0.96923,1.15353,0.9195,0.95741,1.41348,1.33529,1.26207,1.26207,1.26207,1.13222,0.84335,0.75624,0,1.33566,1.38989,0.9537,0.99375,1.14356
Security Office,1.98082,1.72924,1.8633,1.57521,1.12247,1.10694,1.35325,1.13826,1.84918,1.35726,1.05251,2.155,1.23833,1.64314,1.37091,1.36427,1.07491,1.29843,0.71794,1.88308,1.40866,0.61093,0.97387,1.69102,1.20731,1.05092,2.33077,2.22956,1.75493,1.77774,1.47346,0.69055,1.35726,1.40227,1.42673,1.62074,1.40227,1.57809,1.33874,1.47168,1.47964,1.537,1.86097,1.7604,1.24112,1.86097,1.18685,1.26403,1.18685,1.18685,1.10052,1.12094,1.06185,1.18236,1.24112,1.24112,2.155,1.25595,1.33531,1.07223,1.01467,1.19897,0.41616,0.68186,0.13528,0.51574,0.61709,0.61709,0.61709,0.48724,0.90808,0.84603,1.33566,0,1.5785,0.83361,1.18236,0.72003
Register Office,1.63325,1.62005,1.7059,1.72715,2.02242,0.84145,0.37972,0.87278,1.90341,1.41149,1.10674,1.05353,0.74063,1.69737,1.42514,1.61209,1.88686,1.89931,2.25154,0.87005,1.52305,2.14454,2.24641,1.74525,1.0418,0.6771,1.31774,1.21652,1.79669,1.86312,1.52769,0.88795,1.41149,1.4565,1.48095,1.67497,1.4565,1.63232,0.96492,1.81787,0.64046,0.69782,0.74861,0.64803,0.6071,0.74861,0.92137,0.99855,0.92137,0.92137,0.83504,0.85545,0.63039,0.44356,0.6071,0.6071,1.05353,0.75825,1.00024,0.90673,0.90501,1.0893,1.16234,1.20025,1.66889,2.04935,2.15069,2.15069,2.15069,2.02085,2.20567,2.11857,1.38989,1.5785,0,2.31602,0.44356,1.17612
Pos Polis Bantuan,1.38575,1.3348,1.26823,0.98015,0.5274,1.89565,2.09077,1.92698,1.48751,1.20053,1.20928,2.90342,2.02705,1.2487,0.92605,0.7692,0.47984,0.70336,0.12497,1.94626,0.81359,0.54076,0.3788,1.32935,1.99603,1.78843,2.1778,2.07658,1.15986,1.18267,1.27147,1.47927,1.20053,1.02031,0.84327,1.25907,1.02031,1.13322,2.07625,0.87661,2.26836,2.32572,2.59849,2.49792,1.97864,2.59849,1.97557,2.05275,1.97557,1.97557,1.88924,1.90965,1.79936,1.91988,1.97864,1.97864,2.90342,2.04467,2.12403,1.86095,1.80339,1.98769,1.20488,1.47058,0.69833,0.62013,0.54692,0.54692,0.54692,0.41707,0.23176,0.25096,0.9537,0.83361,2.31602,0,1.91988,1.50874
Stor Sukan,1.50989,1.38733,1.58254,1.33101,1.62628,0.3979,0.22412,0.42923,1.50727,1.01535,0.7106,1.03095,0.68511,1.30123,1.029,1.21595,1.49072,1.50317,1.8554,0.74668,1.12691,1.7484,1.85027,1.34911,0.65409,0.35747,1.19438,1.09316,1.6464,1.6692,1.13155,0.49181,1.01535,1.06036,1.08482,1.27883,1.06036,1.23618,0.64529,1.42174,0.61788,0.67524,0.72602,0.62545,0.16354,0.72602,0.47782,0.55499,0.47782,0.47782,0.39149,0.4119,0.18683,0,0.16354,0.16354,1.03095,0.70273,0.78209,0.51901,0.46145,0.64575,0.7662,0.80411,1.27275,1.65321,1.75456,1.75456,1.75456,1.62471,1.80953,1.72243,0.99375,1.18236,0.44356,1.91988,0,0.73256
Institut Pengajian Siswazah,1.79339,1.53714,1.78935,1.48082,1.77609,0.47332,0.95413,0.50465,1.65708,1.16516,0.86041,1.52138,0.60472,1.45104,1.17881,1.36576,1.64053,1.65299,1.39307,1.47924,1.27672,1.28606,1.649,1.49892,0.57369,0.75192,1.92694,1.82572,1.79621,1.81902,1.28136,0.49845,1.16516,1.21017,1.23463,1.42864,1.21017,1.38599,1.03974,1.57155,0.84602,0.90339,1.25902,1.15844,0.79132,1.25902,0.55324,0.63042,0.55324,0.55324,0.46691,0.48732,0.61204,0.73256,0.79132,0.79132,1.52138,0.62234,0.70169,0.43862,0.38106,0.56536,0.30387,0.56958,0.81042,1.19087,1.29222,1.29222,1.29222,1.16237,1.58321,1.52116,1.14356,0.72003,1.17612,1.50874,0.73256,0
